time,num,w_s,w_a
1728453468.51,0,0.0,89.0
1728453468.71,0,0.0,89.0
1728453468.91,0,0.0,89.0
1728453469.11,0,0.0,89.0
1728453469.31,1,0.0,89.0
1728453469.52,1,0.0,89.0
1728453469.72,1,0.0,89.0
1728453469.92,1,0.0,89.0
1728453470.12,1,0.0,89.0
1728453470.32,2,0.0,89.0
1728453470.52,2,0.0,89.0
1728453470.72,2,0.0,89.0
1728453470.92,2,0.0,89.0
1728453471.12,2,0.0,89.0
1728453471.32,3,0.0,89.0
1728453471.53,3,0.0,89.0
1728453471.73,3,0.0,89.0
1728453471.93,3,0.0,89.0
1728453472.13,3,0.0,89.0
1728453472.34,4,0.0,89.0
1728453472.54,4,0.0,89.0
1728453472.74,4,0.0,89.0
1728453472.94,4,0.0,89.0
1728453473.14,4,0.0,89.0
1728453473.34,5,0.0,89.0
1728453473.54,5,0.0,89.0
1728453473.74,5,0.0,89.0
1728453473.94,5,0.0,89.0
1728453474.14,5,0.0,89.0
1728453474.35,6,0.0,89.0
1728453474.55,6,0.0,89.0
1728453474.75,6,0.0,89.0
1728453474.95,6,0.0,89.0
1728453475.15,6,0.0,89.0
1728453475.36,7,0.0,89.0
1728453475.56,7,0.0,89.0
1728453475.76,7,0.0,89.0
1728453475.96,7,0.0,89.0
1728453476.16,7,0.0,89.0
1728453476.37,8,0.0,89.0
1728453476.57,8,0.0,89.0
1728453476.77,8,0.0,89.0
1728453476.97,8,0.0,89.0
1728453477.17,8,0.0,89.0
1728453477.38,9,0.0,89.0
1728453477.58,9,0.0,89.0
1728453477.78,9,0.0,89.0
1728453477.98,9,0.0,89.0
1728453478.18,9,0.0,89.0
1728453478.39,10,0.0,89.0
1728453478.59,10,0.0,89.0
1728453478.79,10,0.0,89.0
1728453478.99,10,0.0,89.0
1728453479.19,10,0.0,89.0
1728453479.39,11,0.0,89.0
1728453479.6,11,0.0,89.0
1728453479.8,11,0.0,89.0
1728453480.0,11,0.0,89.0
1728453480.2,11,0.0,89.0
1728453480.4,12,0.0,89.0
1728453480.61,12,0.0,89.0
1728453480.81,12,0.0,89.0
1728453481.01,12,0.0,89.0
1728453481.21,12,0.0,89.0
1728453481.41,13,0.0,89.0
1728453481.61,13,0.0,89.0
1728453481.81,13,0.0,89.0
1728453482.01,13,0.0,89.0
1728453482.21,13,0.0,89.0
1728453482.41,14,0.0,89.0
1728453482.61,14,0.0,89.0
1728453482.81,14,0.0,89.0
1728453483.01,14,0.0,89.0
1728453483.22,14,0.0,89.0
1728453483.42,15,0.0,89.0
1728453483.62,15,0.0,89.0
1728453483.82,15,0.0,89.0
1728453484.02,15,0.0,89.0
1728453484.22,15,0.0,89.0
1728453484.42,16,0.0,89.0
1728453484.63,16,0.0,89.0
1728453484.83,16,0.0,89.0
1728453485.03,16,0.0,89.0
1728453485.23,16,0.0,89.0
1728453485.43,17,0.0,89.0
1728453485.63,17,0.0,89.0
1728453485.83,17,0.0,89.0
1728453486.03,17,0.0,89.0
1728453486.23,17,0.0,89.0
1728453486.43,18,0.0,89.0
1728453486.63,18,0.0,89.0
1728453486.83,18,0.0,89.0
1728453487.03,18,0.0,89.0
1728453487.23,18,0.0,89.0
1728453487.43,19,0.0,89.0
1728453487.63,19,0.0,89.0
1728453487.83,19,0.0,89.0
1728453488.03,19,0.0,89.0
1728453488.23,19,0.0,89.0
1728453488.44,20,0.0,89.0
1728453488.64,20,0.0,89.0
1728453488.84,20,0.0,89.0
1728453489.04,20,0.0,89.0
1728453489.24,20,0.0,89.0
1728453489.44,21,0.0,89.0
1728453489.64,21,0.0,89.0
1728453489.84,21,0.0,89.0
1728453490.04,21,0.0,89.0
1728453490.24,21,0.0,89.0
1728453490.45,22,0.0,89.0
1728453490.65,22,0.0,89.0
1728453490.85,22,0.0,89.0
1728453491.05,22,0.0,89.0
1728453491.25,22,0.0,89.0
1728453491.45,23,0.0,89.0
1728453491.65,23,0.0,89.0
1728453491.85,23,0.0,89.0
1728453492.05,23,0.0,89.0
1728453492.25,23,0.0,89.0
1728453492.45,24,0.0,89.0
1728453492.65,24,0.0,89.0
1728453492.85,24,0.0,89.0
1728453493.05,24,0.0,89.0
1728453493.25,24,0.0,89.0
1728453493.45,25,0.0,89.0
1728453493.65,25,0.0,89.0
1728453493.86,25,0.0,89.0
1728453494.06,25,0.0,89.0
1728453494.26,25,0.0,89.0
1728453494.46,26,0.0,89.0
1728453494.66,26,0.0,89.0
1728453494.86,26,0.0,89.0
1728453495.06,26,0.0,89.0
1728453495.26,26,0.0,89.0
1728453495.46,27,0.0,89.0
1728453495.66,27,0.0,89.0
1728453495.86,27,0.0,89.0
1728453496.06,27,0.0,89.0
1728453496.26,27,0.0,89.0
1728453496.46,28,0.0,89.0
1728453496.66,28,0.0,89.0
1728453496.86,28,0.0,89.0
1728453497.06,28,0.0,89.0
1728453497.26,28,0.0,89.0
1728453497.47,29,0.0,89.0
1728453497.67,29,0.0,89.0
1728453497.87,29,0.0,89.0
1728453498.07,29,0.0,89.0
1728453498.27,29,0.0,89.0
1728453498.47,30,0.0,89.0
1728453498.67,30,0.0,89.0
1728453498.87,30,0.0,89.0
1728453499.07,30,0.0,89.0
1728453499.27,30,0.0,89.0
1728453499.47,31,1.12,13.0
1728453499.67,31,1.12,13.0
1728453499.87,31,1.12,13.0
1728453500.07,31,1.12,13.0
1728453500.27,31,1.12,13.0
1728453500.47,32,0.0,349.0
1728453500.68,32,0.0,349.0
1728453500.88,32,0.0,349.0
1728453501.08,32,0.0,349.0
1728453501.28,32,0.0,349.0
1728453501.48,33,0.0,349.0
1728453501.68,33,0.0,349.0
1728453501.88,33,0.0,349.0
1728453502.08,33,0.0,349.0
1728453502.28,33,0.0,349.0
1728453502.48,34,0.0,349.0
1728453502.68,34,0.0,349.0
1728453502.88,34,0.0,349.0
1728453503.08,34,0.0,349.0
1728453503.28,34,0.0,349.0
1728453503.48,35,0.0,349.0
1728453503.68,35,0.0,349.0
1728453503.88,35,0.0,349.0
1728453504.08,35,0.0,349.0
1728453504.29,35,0.0,349.0
1728453504.49,36,0.0,349.0
1728453504.69,36,0.0,349.0
1728453504.89,36,0.0,349.0
1728453505.09,36,0.0,349.0
1728453505.29,36,0.0,349.0
1728453505.49,37,0.0,349.0
1728453505.69,37,0.0,349.0
1728453505.89,37,0.0,349.0
1728453506.09,37,0.0,349.0
1728453506.29,37,0.0,349.0
1728453506.49,38,0.0,349.0
1728453506.69,38,0.0,349.0
1728453506.89,38,0.0,349.0
1728453507.09,38,0.0,349.0
1728453507.29,38,0.0,349.0
1728453507.49,39,0.0,349.0
1728453507.69,39,0.0,349.0
1728453507.9,39,0.0,349.0
1728453508.1,39,0.0,349.0
1728453508.3,39,0.0,349.0
1728453508.5,40,0.0,349.0
1728453508.7,40,0.0,349.0
1728453508.9,40,0.0,349.0
1728453509.1,40,0.0,349.0
1728453509.3,40,0.0,349.0
1728453509.5,41,5.88,4.0
1728453509.7,41,5.88,4.0
1728453509.9,41,5.88,4.0
1728453510.1,41,5.88,4.0
1728453510.3,41,5.88,4.0
1728453510.5,42,6.24,359.0
1728453510.7,42,6.24,359.0
1728453510.91,42,6.24,359.0
1728453511.11,42,6.24,359.0
1728453511.31,42,6.24,359.0
1728453511.51,43,5.63,349.0
1728453511.71,43,5.63,349.0
1728453511.91,43,5.63,349.0
1728453512.11,43,5.63,349.0
1728453512.31,43,5.63,349.0
1728453512.51,44,3.75,300.0
1728453512.71,44,3.75,300.0
1728453512.91,44,3.75,300.0
1728453513.11,44,3.75,300.0
1728453513.32,44,3.75,300.0
1728453513.52,45,7.85,294.0
1728453513.72,45,7.85,294.0
1728453513.92,45,7.85,294.0
1728453514.12,45,7.85,294.0
1728453514.32,45,7.85,294.0
1728453514.52,46,6.38,327.0
1728453514.72,46,6.38,327.0
1728453514.92,46,6.38,327.0
1728453515.12,46,6.38,327.0
1728453515.33,46,6.38,327.0
1728453515.53,47,6.47,351.0
1728453515.73,47,6.47,351.0
1728453515.93,47,6.47,351.0
1728453516.13,47,6.47,351.0
1728453516.33,47,6.47,351.0
1728453516.53,48,6.23,2.0
1728453516.73,48,6.23,2.0
1728453516.93,48,6.23,2.0
1728453517.13,48,6.23,2.0
1728453517.33,48,6.23,2.0
1728453517.53,49,6.26,356.0
1728453517.73,49,6.26,356.0
1728453517.94,49,6.26,356.0
1728453518.14,49,6.26,356.0
1728453518.34,49,6.26,356.0
1728453518.54,50,7.05,357.0
1728453518.74,50,7.05,357.0
1728453518.94,50,7.05,357.0
1728453519.14,50,7.05,357.0
1728453519.34,50,7.05,357.0
1728453519.54,51,6.96,352.0
1728453519.74,51,6.96,352.0
1728453519.94,51,6.96,352.0
1728453520.14,51,6.96,352.0
1728453520.34,51,6.96,352.0
1728453520.54,52,6.93,351.0
1728453520.74,52,6.93,351.0
1728453520.94,52,6.93,351.0
1728453521.15,52,6.93,351.0
1728453521.35,52,6.93,351.0
1728453521.55,53,7.2,346.0
1728453521.75,53,7.2,346.0
1728453521.95,53,7.2,346.0
1728453522.15,53,7.2,346.0
1728453522.35,53,7.2,346.0
1728453522.55,54,6.8,349.0
1728453522.75,54,6.8,349.0
1728453522.95,54,6.8,349.0
1728453523.15,54,6.8,349.0
1728453523.35,54,6.8,349.0
1728453523.55,55,6.71,349.0
1728453523.75,55,6.71,349.0
1728453523.95,55,6.71,349.0
1728453524.15,55,6.71,349.0
1728453524.36,55,6.71,349.0
1728453524.56,56,3.68,342.0
1728453524.76,56,3.68,342.0
1728453524.96,56,3.68,342.0
1728453525.16,56,3.68,342.0
1728453525.36,56,3.68,342.0
1728453525.56,57,5.0,244.0
1728453525.76,57,5.0,244.0
1728453525.96,57,5.0,244.0
1728453526.16,57,5.0,244.0
1728453526.36,57,5.0,244.0
1728453526.56,58,7.8,279.0
1728453526.76,58,7.8,279.0
1728453526.96,58,7.8,279.0
1728453527.16,58,7.8,279.0
1728453527.36,58,7.8,279.0
1728453527.57,59,6.58,311.0
1728453527.77,59,6.58,311.0
1728453527.97,59,6.58,311.0
1728453528.17,59,6.58,311.0
1728453528.37,59,6.58,311.0
1728453528.57,60,5.77,355.0
1728453528.77,60,5.77,355.0
1728453528.97,60,5.77,355.0
1728453529.17,60,5.77,355.0
1728453529.37,60,5.77,355.0
1728453529.58,61,5.57,6.0
1728453529.78,61,5.57,6.0
1728453529.98,61,5.57,6.0
1728453530.18,61,5.57,6.0
1728453530.38,61,5.57,6.0
1728453530.58,62,5.91,6.0
1728453530.78,62,5.91,6.0
1728453530.98,62,5.91,6.0
1728453531.18,62,5.91,6.0
1728453531.38,62,5.91,6.0
1728453531.58,63,5.99,4.0
1728453531.79,63,5.99,4.0
1728453531.99,63,5.99,4.0
1728453532.19,63,5.99,4.0
1728453532.39,63,5.99,4.0
1728453532.59,64,6.45,358.0
1728453532.79,64,6.45,358.0
1728453533.0,64,6.45,358.0
1728453533.2,64,6.45,358.0
1728453533.4,64,6.45,358.0
1728453533.6,65,6.45,358.0
1728453533.8,65,6.45,358.0
1728453534.0,65,6.45,358.0
1728453534.2,65,6.45,358.0
1728453534.4,65,6.45,358.0
1728453534.6,66,6.4,359.0
1728453534.8,66,6.4,359.0
1728453535.0,66,6.4,359.0
1728453535.2,66,6.4,359.0
1728453535.41,66,6.4,359.0
1728453535.61,67,6.36,1.0
1728453535.81,67,6.36,1.0
1728453536.01,67,6.36,1.0
1728453536.21,67,6.36,1.0
1728453536.41,67,6.36,1.0
1728453536.61,68,6.63,0.0
1728453536.81,68,6.63,0.0
1728453537.01,68,6.63,0.0
1728453537.21,68,6.63,0.0
1728453537.41,68,6.63,0.0
1728453537.61,69,6.86,356.0
1728453537.81,69,6.86,356.0
1728453538.01,69,6.86,356.0
1728453538.21,69,6.86,356.0
1728453538.41,69,6.86,356.0
1728453538.61,70,6.64,352.0
1728453538.81,70,6.64,352.0
1728453539.01,70,6.64,352.0
1728453539.22,70,6.64,352.0
1728453539.42,70,6.64,352.0
1728453539.62,71,6.94,356.0
1728453539.82,71,6.94,356.0
1728453540.02,71,6.94,356.0
1728453540.22,71,6.94,356.0
1728453540.42,71,6.94,356.0
1728453540.62,72,7.08,353.0
1728453540.82,72,7.08,353.0
1728453541.02,72,7.08,353.0
1728453541.22,72,7.08,353.0
1728453541.42,72,7.08,353.0
1728453541.62,73,6.98,353.0
1728453541.82,73,6.98,353.0
1728453542.02,73,6.98,353.0
1728453542.22,73,6.98,353.0
1728453542.42,73,6.98,353.0
1728453542.62,74,7.79,359.0
1728453542.83,74,7.79,359.0
1728453543.03,74,7.79,359.0
1728453543.23,74,7.79,359.0
1728453543.43,74,7.79,359.0
1728453543.63,75,6.87,357.0
1728453543.83,75,6.87,357.0
1728453544.03,75,6.87,357.0
1728453544.23,75,6.87,357.0
1728453544.43,75,6.87,357.0
1728453544.63,76,6.62,357.0
1728453544.83,76,6.62,357.0
1728453545.03,76,6.62,357.0
1728453545.23,76,6.62,357.0
1728453545.43,76,6.62,357.0
1728453545.63,77,6.22,357.0
1728453545.84,77,6.22,357.0
1728453546.04,77,6.22,357.0
1728453546.24,77,6.22,357.0
1728453546.44,77,6.22,357.0
1728453546.64,78,6.28,349.0
1728453546.84,78,6.28,349.0
1728453547.04,78,6.28,349.0
1728453547.24,78,6.28,349.0
1728453547.44,78,6.28,349.0
1728453547.64,79,6.22,354.0
1728453547.84,79,6.22,354.0
1728453548.04,79,6.22,354.0
1728453548.24,79,6.22,354.0
1728453548.44,79,6.22,354.0
1728453548.64,80,6.09,355.0
1728453548.84,80,6.09,355.0
1728453549.05,80,6.09,355.0
1728453549.25,80,6.09,355.0
1728453549.45,80,6.09,355.0
1728453549.65,81,6.62,347.0
1728453549.85,81,6.62,347.0
1728453550.05,81,6.62,347.0
1728453550.25,81,6.62,347.0
1728453550.45,81,6.62,347.0
1728453550.65,82,6.77,347.0
1728453550.85,82,6.77,347.0
1728453551.05,82,6.77,347.0
1728453551.25,82,6.77,347.0
1728453551.45,82,6.77,347.0
1728453551.65,83,4.15,350.0
1728453551.85,83,4.15,350.0
1728453552.05,83,4.15,350.0
1728453552.25,83,4.15,350.0
1728453552.45,83,4.15,350.0
1728453552.65,84,3.99,227.0
1728453552.85,84,3.99,227.0
1728453553.05,84,3.99,227.0
1728453553.26,84,3.99,227.0
1728453553.46,84,3.99,227.0
1728453553.66,85,7.32,258.0
1728453553.86,85,7.32,258.0
1728453554.06,85,7.32,258.0
1728453554.26,85,7.32,258.0
1728453554.46,85,7.32,258.0
1728453554.66,86,6.92,304.0
1728453554.86,86,6.92,304.0
1728453555.06,86,6.92,304.0
1728453555.26,86,6.92,304.0
1728453555.46,86,6.92,304.0
1728453555.66,87,5.66,340.0
1728453555.86,87,5.66,340.0
1728453556.06,87,5.66,340.0
1728453556.26,87,5.66,340.0
1728453556.46,87,5.66,340.0
1728453556.67,88,5.95,8.0
1728453556.87,88,5.95,8.0
1728453557.07,88,5.95,8.0
1728453557.27,88,5.95,8.0
1728453557.47,88,5.95,8.0
1728453557.67,89,6.46,7.0
1728453557.87,89,6.46,7.0
1728453558.07,89,6.46,7.0
1728453558.27,89,6.46,7.0
1728453558.47,89,6.46,7.0
1728453558.67,90,6.89,0.0
1728453558.87,90,6.89,0.0
1728453559.07,90,6.89,0.0
1728453559.27,90,6.89,0.0
1728453559.47,90,6.89,0.0
1728453559.67,91,6.76,357.0
1728453559.87,91,6.76,357.0
1728453560.08,91,6.76,357.0
1728453560.28,91,6.76,357.0
1728453560.48,91,6.76,357.0
1728453560.68,92,6.45,354.0
1728453560.88,92,6.45,354.0
1728453561.08,92,6.45,354.0
1728453561.28,92,6.45,354.0
1728453561.48,92,6.45,354.0
1728453561.68,93,6.58,354.0
1728453561.88,93,6.58,354.0
1728453562.08,93,6.58,354.0
1728453562.28,93,6.58,354.0
1728453562.48,93,6.58,354.0
1728453562.68,94,6.31,351.0
1728453562.88,94,6.31,351.0
1728453563.08,94,6.31,351.0
1728453563.28,94,6.31,351.0
1728453563.48,94,6.31,351.0
1728453563.69,95,6.87,354.0
1728453563.89,95,6.87,354.0
1728453564.09,95,6.87,354.0
1728453564.29,95,6.87,354.0
1728453564.49,95,6.87,354.0
1728453564.69,96,7.24,356.0
1728453564.89,96,7.24,356.0
1728453565.09,96,7.24,356.0
1728453565.29,96,7.24,356.0
1728453565.49,96,7.24,356.0
1728453565.69,97,7.04,354.0
1728453565.89,97,7.04,354.0
1728453566.09,97,7.04,354.0
1728453566.29,97,7.04,354.0
1728453566.49,97,7.04,354.0
1728453566.69,98,6.78,354.0
1728453566.89,98,6.78,354.0
1728453567.1,98,6.78,354.0
1728453567.3,98,6.78,354.0
1728453567.5,98,6.78,354.0
1728453567.7,99,6.89,350.0
1728453567.9,99,6.89,350.0
1728453568.1,99,6.89,350.0
1728453568.3,99,6.89,350.0
1728453568.5,99,6.89,350.0
1728453568.7,100,7.06,353.0
1728453568.9,100,7.06,353.0
1728453569.1,100,7.06,353.0
1728453569.3,100,7.06,353.0
1728453569.5,100,7.06,353.0
1728453569.7,101,6.6,353.0
1728453569.9,101,6.6,353.0
1728453570.11,101,6.6,353.0
1728453570.31,101,6.6,353.0
1728453570.51,101,6.6,353.0
1728453570.71,102,7.04,353.0
1728453570.91,102,7.04,353.0
1728453571.11,102,7.04,353.0
1728453571.31,102,7.04,353.0
1728453571.51,102,7.04,353.0
1728453571.71,103,6.81,357.0
1728453571.91,103,6.81,357.0
1728453572.11,103,6.81,357.0
1728453572.31,103,6.81,357.0
1728453572.51,103,6.81,357.0
1728453572.72,104,6.8,351.0
1728453572.92,104,6.8,351.0
1728453573.12,104,6.8,351.0
1728453573.32,104,6.8,351.0
1728453573.52,104,6.8,351.0
1728453573.72,105,6.63,349.0
1728453573.92,105,6.63,349.0
1728453574.12,105,6.63,349.0
1728453574.32,105,6.63,349.0
1728453574.53,105,6.63,349.0
1728453574.73,106,6.8,351.0
1728453574.93,106,6.8,351.0
1728453575.13,106,6.8,351.0
1728453575.33,106,6.8,351.0
1728453575.53,106,6.8,351.0
1728453575.73,107,6.8,349.0
1728453575.93,107,6.8,349.0
1728453576.13,107,6.8,349.0
1728453576.33,107,6.8,349.0
1728453576.53,107,6.8,349.0
1728453576.73,108,6.91,347.0
1728453576.93,108,6.91,347.0
1728453577.13,108,6.91,347.0
1728453577.34,108,6.91,347.0
1728453577.54,108,6.91,347.0
1728453577.74,109,6.91,349.0
1728453577.94,109,6.91,349.0
1728453578.14,109,6.91,349.0
1728453578.34,109,6.91,349.0
1728453578.54,109,6.91,349.0
1728453578.74,110,4.62,349.0
1728453578.94,110,4.62,349.0
1728453579.14,110,4.62,349.0
1728453579.34,110,4.62,349.0
1728453579.54,110,4.62,349.0
1728453579.74,111,2.35,241.0
1728453579.94,111,2.35,241.0
1728453580.14,111,2.35,241.0
1728453580.35,111,2.35,241.0
1728453580.55,111,2.35,241.0
1728453580.75,112,7.52,248.0
1728453580.95,112,7.52,248.0
1728453581.15,112,7.52,248.0
1728453581.35,112,7.52,248.0
1728453581.55,112,7.52,248.0
1728453581.75,113,6.92,297.0
1728453581.95,113,6.92,297.0
1728453582.15,113,6.92,297.0
1728453582.35,113,6.92,297.0
1728453582.55,113,6.92,297.0
1728453582.75,114,5.08,330.0
1728453582.95,114,5.08,330.0
1728453583.15,114,5.08,330.0
1728453583.36,114,5.08,330.0
1728453583.56,114,5.08,330.0
1728453583.76,115,5.59,5.0
1728453583.96,115,5.59,5.0
1728453584.16,115,5.59,5.0
1728453584.36,115,5.59,5.0
1728453584.56,115,5.59,5.0
1728453584.76,116,5.52,12.0
1728453584.96,116,5.52,12.0
1728453585.16,116,5.52,12.0
1728453585.36,116,5.52,12.0
1728453585.56,116,5.52,12.0
1728453585.76,117,5.99,5.0
1728453585.96,117,5.99,5.0
1728453586.16,117,5.99,5.0
1728453586.37,117,5.99,5.0
1728453586.57,117,5.99,5.0
1728453586.77,118,6.5,2.0
1728453586.97,118,6.5,2.0
1728453587.17,118,6.5,2.0
1728453587.37,118,6.5,2.0
1728453587.57,118,6.5,2.0
1728453587.77,119,6.09,358.0
1728453587.97,119,6.09,358.0
1728453588.17,119,6.09,358.0
1728453588.37,119,6.09,358.0
1728453588.57,119,6.09,358.0
1728453588.78,120,6.36,1.0
1728453588.98,120,6.36,1.0
1728453589.18,120,6.36,1.0
1728453589.38,120,6.36,1.0
1728453589.58,120,6.36,1.0
1728453589.78,121,6.41,358.0
1728453589.98,121,6.41,358.0
1728453590.18,121,6.41,358.0
1728453590.38,121,6.41,358.0
1728453590.58,121,6.41,358.0
1728453590.78,122,6.46,356.0
1728453590.99,122,6.46,356.0
1728453591.19,122,6.46,356.0
1728453591.39,122,6.46,356.0
1728453591.59,122,6.46,356.0
1728453591.79,123,6.23,353.0
1728453591.99,123,6.23,353.0
1728453592.19,123,6.23,353.0
1728453592.39,123,6.23,353.0
1728453592.59,123,6.23,353.0
1728453592.79,124,6.54,355.0
1728453592.99,124,6.54,355.0
1728453593.19,124,6.54,355.0
1728453593.39,124,6.54,355.0
1728453593.59,124,6.54,355.0
1728453593.79,125,6.64,356.0
1728453593.99,125,6.64,356.0
1728453594.19,125,6.64,356.0
1728453594.4,125,6.64,356.0
1728453594.6,125,6.64,356.0
1728453594.8,126,6.17,356.0
1728453595.0,126,6.17,356.0
1728453595.2,126,6.17,356.0
1728453595.4,126,6.17,356.0
1728453595.6,126,6.17,356.0
1728453595.81,127,6.15,355.0
1728453596.01,127,6.15,355.0
1728453596.21,127,6.15,355.0
1728453596.41,127,6.15,355.0
1728453596.61,127,6.15,355.0
1728453596.81,128,6.57,356.0
1728453597.01,128,6.57,356.0
1728453597.21,128,6.57,356.0
1728453597.41,128,6.57,356.0
1728453597.61,128,6.57,356.0
1728453597.81,129,6.43,358.0
1728453598.01,129,6.43,358.0
1728453598.21,129,6.43,358.0
1728453598.41,129,6.43,358.0
1728453598.61,129,6.43,358.0
1728453598.81,130,6.6,0.0
1728453599.02,130,6.6,0.0
1728453599.22,130,6.6,0.0
1728453599.42,130,6.6,0.0
1728453599.62,130,6.6,0.0
1728453599.82,131,6.8,359.0
1728453600.02,131,6.8,359.0
1728453600.22,131,6.8,359.0
1728453600.42,131,6.8,359.0
1728453600.62,131,6.8,359.0
1728453600.82,132,6.09,357.0
1728453601.02,132,6.09,357.0
1728453601.22,132,6.09,357.0
1728453601.42,132,6.09,357.0
1728453601.62,132,6.09,357.0
1728453601.82,133,6.67,350.0
1728453602.02,133,6.67,350.0
1728453602.22,133,6.67,350.0
1728453602.42,133,6.67,350.0
1728453602.63,133,6.67,350.0
1728453602.83,134,6.91,350.0
1728453603.03,134,6.91,350.0
1728453603.23,134,6.91,350.0
1728453603.43,134,6.91,350.0
1728453603.63,134,6.91,350.0
1728453603.83,135,6.76,349.0
1728453604.03,135,6.76,349.0
1728453604.23,135,6.76,349.0
1728453604.43,135,6.76,349.0
1728453604.63,135,6.76,349.0
1728453604.83,136,7.15,354.0
1728453605.03,136,7.15,354.0
1728453605.23,136,7.15,354.0
1728453605.44,136,7.15,354.0
1728453605.64,136,7.15,354.0
1728453605.84,137,5.97,350.0
1728453606.04,137,5.97,350.0
1728453606.24,137,5.97,350.0
1728453606.44,137,5.97,350.0
1728453606.64,137,5.97,350.0
1728453606.84,138,2.08,320.0
1728453607.04,138,2.08,320.0
1728453607.24,138,2.08,320.0
1728453607.44,138,2.08,320.0
1728453607.64,138,2.08,320.0
1728453607.84,139,6.12,135.0
1728453608.04,139,6.12,135.0
1728453608.24,139,6.12,135.0
1728453608.44,139,6.12,135.0
1728453608.64,139,6.12,135.0
1728453608.84,140,6.86,70.0
1728453609.04,140,6.86,70.0
1728453609.25,140,6.86,70.0
1728453609.45,140,6.86,70.0
1728453609.65,140,6.86,70.0
1728453609.85,141,5.58,38.0
1728453610.05,141,5.58,38.0
1728453610.25,141,5.58,38.0
1728453610.45,141,5.58,38.0
1728453610.65,141,5.58,38.0
1728453610.85,142,5.66,2.0
1728453611.05,142,5.66,2.0
1728453611.25,142,5.66,2.0
1728453611.45,142,5.66,2.0
1728453611.65,142,5.66,2.0
1728453611.85,143,5.77,4.0
1728453612.05,143,5.77,4.0
1728453612.25,143,5.77,4.0
1728453612.45,143,5.77,4.0
1728453612.65,143,5.77,4.0
1728453612.86,144,6.29,2.0
1728453613.06,144,6.29,2.0
1728453613.26,144,6.29,2.0
1728453613.46,144,6.29,2.0
1728453613.66,144,6.29,2.0
1728453613.86,145,6.71,355.0
1728453614.06,145,6.71,355.0
1728453614.26,145,6.71,355.0
1728453614.46,145,6.71,355.0
1728453614.66,145,6.71,355.0
1728453614.86,146,6.09,3.0
1728453615.06,146,6.09,3.0
1728453615.26,146,6.09,3.0
1728453615.46,146,6.09,3.0
1728453615.66,146,6.09,3.0
1728453615.86,147,6.58,356.0
1728453616.06,147,6.58,356.0
1728453616.26,147,6.58,356.0
1728453616.46,147,6.58,356.0
1728453616.66,147,6.58,356.0
1728453616.87,148,6.63,352.0
1728453617.07,148,6.63,352.0
1728453617.27,148,6.63,352.0
1728453617.47,148,6.63,352.0
1728453617.67,148,6.63,352.0
1728453617.87,149,7.12,356.0
1728453618.07,149,7.12,356.0
1728453618.27,149,7.12,356.0
1728453618.47,149,7.12,356.0
1728453618.67,149,7.12,356.0
1728453618.87,150,7.05,356.0
1728453619.07,150,7.05,356.0
1728453619.27,150,7.05,356.0
1728453619.47,150,7.05,356.0
1728453619.68,150,7.05,356.0
1728453619.88,151,7.33,357.0
1728453620.08,151,7.33,357.0
1728453620.28,151,7.33,357.0
1728453620.48,151,7.33,357.0
1728453620.68,151,7.33,357.0
1728453620.88,152,6.92,353.0
1728453621.08,152,6.92,353.0
1728453621.28,152,6.92,353.0
1728453621.48,152,6.92,353.0
1728453621.68,152,6.92,353.0
1728453621.88,153,7.06,356.0
1728453622.08,153,7.06,356.0
1728453622.28,153,7.06,356.0
1728453622.48,153,7.06,356.0
1728453622.68,153,7.06,356.0
1728453622.88,154,7.16,357.0
1728453623.09,154,7.16,357.0
1728453623.29,154,7.16,357.0
1728453623.49,154,7.16,357.0
1728453623.69,154,7.16,357.0
1728453623.89,155,7.15,358.0
1728453624.09,155,7.15,358.0
1728453624.29,155,7.15,358.0
1728453624.49,155,7.15,358.0
1728453624.69,155,7.15,358.0
1728453624.89,156,6.67,354.0
1728453625.09,156,6.67,354.0
1728453625.29,156,6.67,354.0
1728453625.49,156,6.67,354.0
1728453625.69,156,6.67,354.0
1728453625.89,157,7.12,352.0
1728453626.09,157,7.12,352.0
1728453626.3,157,7.12,352.0
1728453626.5,157,7.12,352.0
1728453626.7,157,7.12,352.0
1728453626.9,158,6.81,348.0
1728453627.1,158,6.81,348.0
1728453627.3,158,6.81,348.0
1728453627.5,158,6.81,348.0
1728453627.7,158,6.81,348.0
1728453627.9,159,7.23,353.0
1728453628.1,159,7.23,353.0
1728453628.3,159,7.23,353.0
1728453628.5,159,7.23,353.0
1728453628.7,159,7.23,353.0
1728453628.9,160,7.18,353.0
1728453629.1,160,7.18,353.0
1728453629.3,160,7.18,353.0
1728453629.51,160,7.18,353.0
1728453629.71,160,7.18,353.0
1728453629.91,161,6.97,353.0
1728453630.11,161,6.97,353.0
1728453630.31,161,6.97,353.0
1728453630.51,161,6.97,353.0
1728453630.71,161,6.97,353.0
1728453630.91,162,6.77,352.0
1728453631.11,162,6.77,352.0
1728453631.31,162,6.77,352.0
1728453631.52,162,6.77,352.0
1728453631.72,162,6.77,352.0
1728453631.92,163,6.89,354.0
1728453632.12,163,6.89,354.0
1728453632.32,163,6.89,354.0
1728453632.52,163,6.89,354.0
1728453632.72,163,6.89,354.0
1728453632.92,164,6.97,356.0
1728453633.12,164,6.97,356.0
1728453633.32,164,6.97,356.0
1728453633.52,164,6.97,356.0
1728453633.72,164,6.97,356.0
1728453633.92,165,4.8,353.0
1728453634.12,165,4.8,353.0
1728453634.33,165,4.8,353.0
1728453634.53,165,4.8,353.0
1728453634.73,165,4.8,353.0
1728453634.93,166,1.65,226.0
1728453635.13,166,1.65,226.0
1728453635.33,166,1.65,226.0
1728453635.53,166,1.65,226.0
1728453635.73,166,1.65,226.0
1728453635.93,167,7.05,113.0
1728453636.13,167,7.05,113.0
1728453636.33,167,7.05,113.0
1728453636.53,167,7.05,113.0
1728453636.73,167,7.05,113.0
1728453636.93,168,6.33,55.0
1728453637.13,168,6.33,55.0
1728453637.34,168,6.33,55.0
1728453637.54,168,6.33,55.0
1728453637.74,168,6.33,55.0
1728453637.94,169,5.45,15.0
1728453638.14,169,5.45,15.0
1728453638.34,169,5.45,15.0
1728453638.54,169,5.45,15.0
1728453638.74,169,5.45,15.0
1728453638.94,170,5.85,355.0
1728453639.14,170,5.85,355.0
1728453639.34,170,5.85,355.0
1728453639.54,170,5.85,355.0
1728453639.74,170,5.85,355.0
1728453639.94,171,6.09,3.0
1728453640.14,171,6.09,3.0
1728453640.34,171,6.09,3.0
1728453640.55,171,6.09,3.0
1728453640.75,171,6.09,3.0
1728453640.95,172,5.89,4.0
1728453641.15,172,5.89,4.0
1728453641.35,172,5.89,4.0
1728453641.55,172,5.89,4.0
1728453641.75,172,5.89,4.0
1728453641.95,173,6.2,5.0
1728453642.15,173,6.2,5.0
1728453642.35,173,6.2,5.0
1728453642.55,173,6.2,5.0
1728453642.75,173,6.2,5.0
1728453642.95,174,6.14,8.0
1728453643.15,174,6.14,8.0
1728453643.35,174,6.14,8.0
1728453643.56,174,6.14,8.0
1728453643.76,174,6.14,8.0
1728453643.96,175,6.01,8.0
1728453644.16,175,6.01,8.0
1728453644.36,175,6.01,8.0
1728453644.56,175,6.01,8.0
1728453644.76,175,6.01,8.0
1728453644.96,176,6.27,6.0
1728453645.16,176,6.27,6.0
1728453645.36,176,6.27,6.0
1728453645.56,176,6.27,6.0
1728453645.77,176,6.27,6.0
1728453645.97,177,6.66,4.0
1728453646.17,177,6.66,4.0
1728453646.37,177,6.66,4.0
1728453646.57,177,6.66,4.0
1728453646.77,177,6.66,4.0
1728453646.97,178,6.46,1.0
1728453647.17,178,6.46,1.0
1728453647.37,178,6.46,1.0
1728453647.57,178,6.46,1.0
1728453647.78,178,6.46,1.0
1728453647.98,179,6.56,356.0
1728453648.18,179,6.56,356.0
1728453648.38,179,6.56,356.0
1728453648.58,179,6.56,356.0
1728453648.78,179,6.56,356.0
1728453648.98,180,6.38,356.0
1728453649.18,180,6.38,356.0
1728453649.38,180,6.38,356.0
1728453649.58,180,6.38,356.0
1728453649.78,180,6.38,356.0
1728453649.98,181,6.46,2.0
1728453650.19,181,6.46,2.0
1728453650.39,181,6.46,2.0
1728453650.59,181,6.46,2.0
1728453650.79,181,6.46,2.0
1728453650.99,182,6.41,359.0
1728453651.19,182,6.41,359.0
1728453651.39,182,6.41,359.0
1728453651.59,182,6.41,359.0
1728453651.79,182,6.41,359.0
1728453652.0,183,6.21,353.0
1728453652.2,183,6.21,353.0
1728453652.4,183,6.21,353.0
1728453652.6,183,6.21,353.0
1728453652.8,183,6.21,353.0
1728453653.0,184,6.75,354.0
1728453653.2,184,6.75,354.0
1728453653.4,184,6.75,354.0
1728453653.6,184,6.75,354.0
1728453653.8,184,6.75,354.0
1728453654.0,185,6.65,2.0
1728453654.2,185,6.65,2.0
1728453654.4,185,6.65,2.0
1728453654.6,185,6.65,2.0
1728453654.8,185,6.65,2.0
1728453655.01,186,6.99,355.0
1728453655.21,186,6.99,355.0
1728453655.41,186,6.99,355.0
1728453655.61,186,6.99,355.0
1728453655.81,186,6.99,355.0
1728453656.01,187,6.28,355.0
1728453656.21,187,6.28,355.0
1728453656.41,187,6.28,355.0
1728453656.61,187,6.28,355.0
1728453656.81,187,6.28,355.0
1728453657.01,188,7.1,358.0
1728453657.21,188,7.1,358.0
1728453657.41,188,7.1,358.0
1728453657.61,188,7.1,358.0
1728453657.82,188,7.1,358.0
1728453658.02,189,7.02,356.0
1728453658.22,189,7.02,356.0
1728453658.42,189,7.02,356.0
1728453658.62,189,7.02,356.0
1728453658.82,189,7.02,356.0
1728453659.02,190,6.93,358.0
1728453659.22,190,6.93,358.0
1728453659.42,190,6.93,358.0
1728453659.62,190,6.93,358.0
1728453659.82,190,6.93,358.0
1728453660.02,191,6.98,355.0
1728453660.22,191,6.98,355.0
1728453660.42,191,6.98,355.0
1728453660.62,191,6.98,355.0
1728453660.82,191,6.98,355.0
1728453661.02,192,6.58,354.0
1728453661.22,192,6.58,354.0
1728453661.42,192,6.58,354.0
1728453661.63,192,6.58,354.0
1728453661.83,192,6.58,354.0
1728453662.03,193,3.47,355.0
1728453662.23,193,3.47,355.0
1728453662.43,193,3.47,355.0
1728453662.63,193,3.47,355.0
1728453662.83,193,3.47,355.0
1728453663.03,194,0.0,345.0
1728453663.23,194,0.0,345.0
1728453663.43,194,0.0,345.0
1728453663.63,194,0.0,345.0
1728453663.83,194,0.0,345.0
1728453664.03,195,7.59,261.0
1728453664.23,195,7.59,261.0
1728453664.43,195,7.59,261.0
1728453664.63,195,7.59,261.0
1728453664.83,195,7.59,261.0
1728453665.03,196,6.62,303.0
1728453665.24,196,6.62,303.0
1728453665.44,196,6.62,303.0
1728453665.64,196,6.62,303.0
1728453665.84,196,6.62,303.0
1728453666.04,197,5.47,341.0
1728453666.24,197,5.47,341.0
1728453666.44,197,5.47,341.0
1728453666.64,197,5.47,341.0
1728453666.84,197,5.47,341.0
1728453667.04,198,5.71,6.0
1728453667.24,198,5.71,6.0
1728453667.44,198,5.71,6.0
1728453667.64,198,5.71,6.0
1728453667.84,198,5.71,6.0
1728453668.04,199,5.69,7.0
1728453668.25,199,5.69,7.0
1728453668.45,199,5.69,7.0
1728453668.65,199,5.69,7.0
1728453668.85,199,5.69,7.0
1728453669.05,200,6.25,2.0
1728453669.25,200,6.25,2.0
1728453669.45,200,6.25,2.0
1728453669.65,200,6.25,2.0
1728453669.85,200,6.25,2.0
1728453670.05,201,6.38,359.0
1728453670.25,201,6.38,359.0
1728453670.45,201,6.38,359.0
1728453670.65,201,6.38,359.0
1728453670.85,201,6.38,359.0
1728453671.05,202,6.61,0.0
1728453671.25,202,6.61,0.0
1728453671.45,202,6.61,0.0
1728453671.65,202,6.61,0.0
1728453671.85,202,6.61,0.0
1728453672.05,203,6.36,354.0
1728453672.26,203,6.36,354.0
1728453672.46,203,6.36,354.0
1728453672.66,203,6.36,354.0
1728453672.86,203,6.36,354.0
1728453673.06,204,6.78,355.0
1728453673.26,204,6.78,355.0
1728453673.46,204,6.78,355.0
1728453673.66,204,6.78,355.0
1728453673.86,204,6.78,355.0
1728453674.06,205,6.57,355.0
1728453674.26,205,6.57,355.0
1728453674.46,205,6.57,355.0
1728453674.66,205,6.57,355.0
1728453674.86,205,6.57,355.0
1728453675.06,206,6.84,350.0
1728453675.26,206,6.84,350.0
1728453675.46,206,6.84,350.0
1728453675.66,206,6.84,350.0
1728453675.87,206,6.84,350.0
1728453676.07,207,6.95,354.0
1728453676.27,207,6.95,354.0
1728453676.47,207,6.95,354.0
1728453676.67,207,6.95,354.0
1728453676.87,207,6.95,354.0
1728453677.07,208,6.92,353.0
1728453677.27,208,6.92,353.0
1728453677.47,208,6.92,353.0
1728453677.67,208,6.92,353.0
1728453677.87,208,6.92,353.0
1728453678.07,209,6.59,351.0
1728453678.27,209,6.59,351.0
1728453678.47,209,6.59,351.0
1728453678.67,209,6.59,351.0
1728453678.87,209,6.59,351.0
1728453679.08,210,6.73,352.0
1728453679.28,210,6.73,352.0
1728453679.48,210,6.73,352.0
1728453679.68,210,6.73,352.0
1728453679.88,210,6.73,352.0
1728453681.08,213,6.9,349.0
1728453681.28,213,6.9,349.0
1728453681.48,213,6.9,349.0
1728453681.68,213,6.9,349.0
1728453681.88,213,6.9,349.0
1728453683.09,216,6.88,350.0
1728453683.29,216,6.88,350.0
1728453683.49,216,6.88,350.0
1728453683.69,216,6.88,350.0
1728453683.89,216,6.88,350.0
1728453685.09,219,6.69,349.0
1728453685.3,219,6.69,349.0
1728453685.5,219,6.69,349.0
1728453685.7,219,6.69,349.0
1728453685.9,219,6.69,349.0
1728453687.1,222,6.68,350.0
1728453687.3,222,6.68,350.0
1728453687.5,222,6.68,350.0
1728453687.7,222,6.68,350.0
1728453687.9,222,6.68,350.0
1728453689.11,225,1.3,314.0
1728453689.31,225,1.3,314.0
1728453689.51,225,1.3,314.0
1728453689.71,225,1.3,314.0
1728453689.91,225,1.3,314.0
1728453691.12,228,6.95,67.0
1728453691.32,228,6.95,67.0
1728453691.52,228,6.95,67.0
1728453691.72,228,6.95,67.0
1728453691.92,228,6.95,67.0
1728453692.12,229,5.64,32.0
1728453692.32,229,5.64,32.0
1728453692.52,229,5.64,32.0
1728453692.72,229,5.64,32.0
1728453692.92,229,5.64,32.0
1728453693.13,230,5.92,355.0
1728453693.33,230,5.92,355.0
1728453693.53,230,5.92,355.0
1728453693.73,230,5.92,355.0
1728453693.93,230,5.92,355.0
1728453694.13,231,5.91,6.0
1728453694.33,231,5.91,6.0
1728453694.53,231,5.91,6.0
1728453694.73,231,5.91,6.0
1728453694.93,231,5.91,6.0
1728453695.13,232,5.96,13.0
1728453695.33,232,5.96,13.0
1728453695.53,232,5.96,13.0
1728453695.73,232,5.96,13.0
1728453695.93,232,5.96,13.0
1728453696.14,233,6.13,10.0
1728453696.34,233,6.13,10.0
1728453696.54,233,6.13,10.0
1728453696.74,233,6.13,10.0
1728453696.94,233,6.13,10.0
1728453697.14,234,6.0,10.0
1728453697.34,234,6.0,10.0
1728453697.54,234,6.0,10.0
1728453697.74,234,6.0,10.0
1728453697.94,234,6.0,10.0
1728453698.14,235,6.35,4.0
1728453698.34,235,6.35,4.0
1728453698.54,235,6.35,4.0
1728453698.74,235,6.35,4.0
1728453698.95,235,6.35,4.0
1728453699.15,236,6.33,9.0
1728453699.35,236,6.33,9.0
1728453699.55,236,6.33,9.0
1728453699.75,236,6.33,9.0
1728453699.95,236,6.33,9.0
1728453700.15,237,6.39,5.0
1728453700.35,237,6.39,5.0
1728453700.55,237,6.39,5.0
1728453700.75,237,6.39,5.0
1728453700.95,237,6.39,5.0
1728453701.15,238,6.88,0.0
1728453701.35,238,6.88,0.0
1728453701.55,238,6.88,0.0
1728453701.76,238,6.88,0.0
1728453701.96,238,6.88,0.0
1728453702.16,239,6.73,359.0
1728453702.36,239,6.73,359.0
1728453702.56,239,6.73,359.0
1728453702.76,239,6.73,359.0
1728453702.96,239,6.73,359.0
1728453703.16,240,6.7,2.0
1728453703.36,240,6.7,2.0
1728453703.56,240,6.7,2.0
1728453703.77,240,6.7,2.0
1728453703.97,240,6.7,2.0
1728453704.17,241,6.7,2.0
1728453704.37,241,6.7,2.0
1728453704.57,241,6.7,2.0
1728453704.77,241,6.7,2.0
1728453704.97,241,6.7,2.0
1728453705.17,242,6.53,7.0
1728453705.37,242,6.53,7.0
1728453705.58,242,6.53,7.0
1728453705.78,242,6.53,7.0
1728453705.98,242,6.53,7.0
1728453706.18,243,6.44,6.0
1728453706.38,243,6.44,6.0
1728453706.58,243,6.44,6.0
1728453706.78,243,6.44,6.0
1728453706.98,243,6.44,6.0
1728453707.18,244,6.45,4.0
1728453707.39,244,6.45,4.0
1728453707.59,244,6.45,4.0
1728453707.79,244,6.45,4.0
1728453707.99,244,6.45,4.0
1728453708.19,245,6.66,1.0
1728453708.39,245,6.66,1.0
1728453708.59,245,6.66,1.0
1728453708.79,245,6.66,1.0
1728453708.99,245,6.66,1.0
1728453709.2,246,7.21,359.0
1728453709.4,246,7.21,359.0
1728453709.6,246,7.21,359.0
1728453709.81,246,7.21,359.0
1728453710.01,246,7.21,359.0
1728453710.21,247,7.39,353.0
1728453710.41,247,7.39,353.0
1728453710.61,247,7.39,353.0
1728453710.81,247,7.39,353.0
1728453711.01,247,7.39,353.0
1728453711.21,248,7.04,354.0
1728453711.41,248,7.04,354.0
1728453711.61,248,7.04,354.0
1728453711.81,248,7.04,354.0
1728453712.01,248,7.04,354.0
1728453712.21,249,6.67,354.0
1728453712.41,249,6.67,354.0
1728453712.61,249,6.67,354.0
1728453712.81,249,6.67,354.0
1728453713.02,249,6.67,354.0
1728453713.22,250,6.92,356.0
1728453713.42,250,6.92,356.0
1728453713.62,250,6.92,356.0
1728453713.82,250,6.92,356.0
1728453714.02,250,6.92,356.0
1728453714.22,251,7.04,356.0
1728453714.42,251,7.04,356.0
1728453714.62,251,7.04,356.0
1728453714.82,251,7.04,356.0
1728453715.02,251,7.04,356.0
1728453715.22,252,6.88,357.0
1728453715.42,252,6.88,357.0
1728453715.62,252,6.88,357.0
1728453715.82,252,6.88,357.0
1728453716.02,252,6.88,357.0
1728453716.22,253,4.33,354.0
1728453716.42,253,4.33,354.0
1728453716.62,253,4.33,354.0
1728453716.83,253,4.33,354.0
1728453717.03,253,4.33,354.0
1728453717.23,254,0.0,352.0
1728453717.43,254,0.0,352.0
1728453717.63,254,0.0,352.0
1728453717.83,254,0.0,352.0
1728453718.03,254,0.0,352.0
1728453718.23,255,7.45,251.0
1728453718.43,255,7.45,251.0
1728453718.63,255,7.45,251.0
1728453718.83,255,7.45,251.0
1728453719.04,255,7.45,251.0
1728453719.24,256,6.94,302.0
1728453719.44,256,6.94,302.0
1728453719.64,256,6.94,302.0
1728453719.84,256,6.94,302.0
1728453720.04,256,6.94,302.0
1728453720.24,257,5.69,337.0
1728453720.44,257,5.69,337.0
1728453720.64,257,5.69,337.0
1728453720.84,257,5.69,337.0
1728453721.04,257,5.69,337.0
1728453721.24,258,5.86,6.0
1728453721.44,258,5.86,6.0
1728453721.64,258,5.86,6.0
1728453721.84,258,5.86,6.0
1728453722.04,258,5.86,6.0
1728453722.24,259,5.96,11.0
1728453722.45,259,5.96,11.0
1728453722.65,259,5.96,11.0
1728453722.85,259,5.96,11.0
1728453723.05,259,5.96,11.0
1728453723.25,260,6.38,359.0
1728453723.45,260,6.38,359.0
1728453723.65,260,6.38,359.0
1728453723.85,260,6.38,359.0
1728453724.05,260,6.38,359.0
1728453724.25,261,6.37,355.0
1728453724.45,261,6.37,355.0
1728453724.65,261,6.37,355.0
1728453724.85,261,6.37,355.0
1728453725.05,261,6.37,355.0
1728453725.25,262,7.03,357.0
1728453725.45,262,7.03,357.0
1728453725.65,262,7.03,357.0
1728453725.85,262,7.03,357.0
1728453726.05,262,7.03,357.0
1728453726.26,263,6.33,353.0
1728453726.46,263,6.33,353.0
1728453726.66,263,6.33,353.0
1728453726.86,263,6.33,353.0
1728453727.06,263,6.33,353.0
1728453727.26,264,6.62,351.0
1728453727.46,264,6.62,351.0
1728453727.66,264,6.62,351.0
1728453727.86,264,6.62,351.0
1728453728.06,264,6.62,351.0
1728453728.26,265,6.73,350.0
1728453728.46,265,6.73,350.0
1728453728.66,265,6.73,350.0
1728453728.86,265,6.73,350.0
1728453729.06,265,6.73,350.0
1728453729.26,266,7.19,349.0
1728453729.46,266,7.19,349.0
1728453729.66,266,7.19,349.0
1728453729.86,266,7.19,349.0
1728453730.07,266,7.19,349.0
1728453730.27,267,6.93,351.0
1728453730.47,267,6.93,351.0
1728453730.67,267,6.93,351.0
1728453730.87,267,6.93,351.0
1728453731.07,267,6.93,351.0
1728453731.27,268,6.76,354.0
1728453731.47,268,6.76,354.0
1728453731.67,268,6.76,354.0
1728453731.87,268,6.76,354.0
1728453732.07,268,6.76,354.0
1728453732.27,269,7.08,354.0
1728453732.47,269,7.08,354.0
1728453732.67,269,7.08,354.0
1728453732.88,269,7.08,354.0
1728453733.08,269,7.08,354.0
1728453733.28,270,7.16,353.0
1728453733.48,270,7.16,353.0
1728453733.68,270,7.16,353.0
1728453733.88,270,7.16,353.0
1728453734.08,270,7.16,353.0
1728453734.28,271,6.78,351.0
1728453734.48,271,6.78,351.0
1728453734.68,271,6.78,351.0
1728453734.88,271,6.78,351.0
1728453735.08,271,6.78,351.0
1728453735.28,272,6.53,352.0
1728453735.48,272,6.53,352.0
1728453735.68,272,6.53,352.0
1728453735.88,272,6.53,352.0
1728453736.08,272,6.53,352.0
1728453736.28,273,6.47,349.0
1728453736.48,273,6.47,349.0
1728453736.69,273,6.47,349.0
1728453736.89,273,6.47,349.0
1728453737.09,273,6.47,349.0
1728453737.29,274,6.26,348.0
1728453737.49,274,6.26,348.0
1728453737.69,274,6.26,348.0
1728453737.89,274,6.26,348.0
1728453738.09,274,6.26,348.0
1728453738.29,275,6.36,348.0
1728453738.49,275,6.36,348.0
1728453738.69,275,6.36,348.0
1728453738.89,275,6.36,348.0
1728453739.09,275,6.36,348.0
1728453739.29,276,6.24,347.0
1728453739.49,276,6.24,347.0
1728453739.69,276,6.24,347.0
1728453739.89,276,6.24,347.0
1728453740.09,276,6.24,347.0
1728453740.3,277,6.18,348.0
1728453740.5,277,6.18,348.0
1728453740.7,277,6.18,348.0
1728453740.9,277,6.18,348.0
1728453741.1,277,6.18,348.0
1728453741.3,278,6.24,345.0
1728453741.5,278,6.24,345.0
1728453741.7,278,6.24,345.0
1728453741.9,278,6.24,345.0
1728453742.1,278,6.24,345.0
1728453742.3,279,6.61,352.0
1728453742.5,279,6.61,352.0
1728453742.7,279,6.61,352.0
1728453742.9,279,6.61,352.0
1728453743.1,279,6.61,352.0
1728453743.31,280,5.63,350.0
1728453743.51,280,5.63,350.0
1728453743.71,280,5.63,350.0
1728453743.91,280,5.63,350.0
1728453744.11,280,5.63,350.0
1728453744.31,281,1.2,351.0
1728453744.51,281,1.2,351.0
1728453744.71,281,1.2,351.0
1728453744.91,281,1.2,351.0
1728453745.11,281,1.2,351.0
1728453745.31,282,0.0,337.0
1728453745.51,282,0.0,337.0
1728453745.71,282,0.0,337.0
1728453745.91,282,0.0,337.0
1728453746.12,282,0.0,337.0
1728453746.32,283,7.19,282.0
1728453746.52,283,7.19,282.0
1728453746.72,283,7.19,282.0
1728453746.92,283,7.19,282.0
1728453747.12,283,7.19,282.0
1728453747.32,284,5.97,319.0
1728453747.52,284,5.97,319.0
1728453747.72,284,5.97,319.0
1728453747.92,284,5.97,319.0
1728453748.12,284,5.97,319.0
1728453748.32,285,6.2,4.0
1728453748.52,285,6.2,4.0
1728453748.72,285,6.2,4.0
1728453748.92,285,6.2,4.0
1728453749.12,285,6.2,4.0
1728453749.33,286,6.4,2.0
1728453749.53,286,6.4,2.0
1728453749.73,286,6.4,2.0
1728453749.93,286,6.4,2.0
1728453750.13,286,6.4,2.0
1728453750.33,287,6.56,3.0
1728453750.53,287,6.56,3.0
1728453750.73,287,6.56,3.0
1728453750.93,287,6.56,3.0
1728453751.13,287,6.56,3.0
1728453751.33,288,6.88,8.0
1728453751.53,288,6.88,8.0
1728453751.73,288,6.88,8.0
1728453751.94,288,6.88,8.0
1728453752.14,288,6.88,8.0
1728453752.34,289,6.96,7.0
1728453752.54,289,6.96,7.0
1728453752.74,289,6.96,7.0
1728453752.94,289,6.96,7.0
1728453753.14,289,6.96,7.0
1728453753.35,290,6.99,2.0
1728453753.55,290,6.99,2.0
1728453753.75,290,6.99,2.0
1728453753.95,290,6.99,2.0
1728453754.15,290,6.99,2.0
1728453754.35,291,6.89,358.0
1728453754.55,291,6.89,358.0
1728453754.75,291,6.89,358.0
1728453754.95,291,6.89,358.0
1728453755.15,291,6.89,358.0
1728453755.35,292,7.03,2.0
1728453755.55,292,7.03,2.0
1728453755.75,292,7.03,2.0
1728453755.96,292,7.03,2.0
1728453756.16,292,7.03,2.0
1728453756.36,293,7.09,8.0
1728453756.56,293,7.09,8.0
1728453756.76,293,7.09,8.0
1728453756.96,293,7.09,8.0
1728453757.16,293,7.09,8.0
1728453757.36,294,6.73,3.0
1728453757.56,294,6.73,3.0
1728453757.76,294,6.73,3.0
1728453757.96,294,6.73,3.0
1728453758.16,294,6.73,3.0
1728453758.37,295,6.51,3.0
1728453758.57,295,6.51,3.0
1728453758.77,295,6.51,3.0
1728453758.97,295,6.51,3.0
1728453759.17,295,6.51,3.0
1728453759.37,296,6.14,11.0
1728453759.57,296,6.14,11.0
1728453759.77,296,6.14,11.0
1728453759.97,296,6.14,11.0
1728453760.17,296,6.14,11.0
1728453760.38,297,5.86,11.0
1728453760.58,297,5.86,11.0
1728453760.78,297,5.86,11.0
1728453760.98,297,5.86,11.0
1728453761.18,297,5.86,11.0
1728453761.38,298,5.96,7.0
1728453761.58,298,5.96,7.0
1728453761.78,298,5.96,7.0
1728453761.98,298,5.96,7.0
1728453762.18,298,5.96,7.0
1728453762.38,299,6.35,1.0
1728453762.58,299,6.35,1.0
1728453762.78,299,6.35,1.0
1728453762.98,299,6.35,1.0
1728453763.18,299,6.35,1.0
1728453763.39,300,6.39,358.0
1728453763.59,300,6.39,358.0
1728453763.79,300,6.39,358.0
1728453763.99,300,6.39,358.0
1728453764.19,300,6.39,358.0
1728453764.39,301,6.18,356.0
1728453764.59,301,6.18,356.0
1728453764.79,301,6.18,356.0
1728453764.99,301,6.18,356.0
1728453765.19,301,6.18,356.0
1728453765.39,302,6.18,350.0
1728453765.59,302,6.18,350.0
1728453765.8,302,6.18,350.0
1728453766.0,302,6.18,350.0
1728453766.2,302,6.18,350.0
1728453766.4,303,6.47,353.0
1728453766.6,303,6.47,353.0
1728453766.8,303,6.47,353.0
1728453767.0,303,6.47,353.0
1728453767.2,303,6.47,353.0
1728453767.41,304,6.59,352.0
1728453767.61,304,6.59,352.0
1728453767.81,304,6.59,352.0
1728453768.01,304,6.59,352.0
1728453768.21,304,6.59,352.0
1728453768.41,305,7.09,1.0
1728453768.61,305,7.09,1.0
1728453768.81,305,7.09,1.0
1728453769.01,305,7.09,1.0
1728453769.21,305,7.09,1.0
1728453769.41,306,6.75,359.0
1728453769.61,306,6.75,359.0
1728453769.81,306,6.75,359.0
1728453770.01,306,6.75,359.0
1728453770.21,306,6.75,359.0
1728453770.41,307,7.12,357.0
1728453770.62,307,7.12,357.0
1728453770.82,307,7.12,357.0
1728453771.02,307,7.12,357.0
1728453771.22,307,7.12,357.0
1728453771.42,308,4.13,357.0
1728453771.62,308,4.13,357.0
1728453771.82,308,4.13,357.0
1728453772.02,308,4.13,357.0
1728453772.22,308,4.13,357.0
1728453772.42,309,0.0,328.0
1728453772.62,309,0.0,328.0
1728453772.82,309,0.0,328.0
1728453773.02,309,0.0,328.0
1728453773.22,309,0.0,328.0
1728453773.42,310,7.54,95.0
1728453773.62,310,7.54,95.0
1728453773.82,310,7.54,95.0
1728453774.02,310,7.54,95.0
1728453774.22,310,7.54,95.0
1728453774.43,311,6.36,46.0
1728453774.63,311,6.36,46.0
1728453774.83,311,6.36,46.0
1728453775.03,311,6.36,46.0
1728453775.23,311,6.36,46.0
1728453775.43,312,5.75,1.0
1728453775.63,312,5.75,1.0
1728453775.83,312,5.75,1.0
1728453776.03,312,5.75,1.0
1728453776.23,312,5.75,1.0
1728453776.43,313,6.12,355.0
1728453776.63,313,6.12,355.0
1728453776.83,313,6.12,355.0
1728453777.03,313,6.12,355.0
1728453777.23,313,6.12,355.0
1728453777.43,314,6.23,3.0
1728453777.63,314,6.23,3.0
1728453777.84,314,6.23,3.0
1728453778.04,314,6.23,3.0
1728453778.24,314,6.23,3.0
1728453778.44,315,6.68,359.0
1728453778.64,315,6.68,359.0
1728453778.84,315,6.68,359.0
1728453779.04,315,6.68,359.0
1728453779.24,315,6.68,359.0
1728453779.44,316,6.94,2.0
1728453779.64,316,6.94,2.0
1728453779.84,316,6.94,2.0
1728453780.04,316,6.94,2.0
1728453780.24,316,6.94,2.0
1728453780.44,317,7.04,359.0
1728453780.64,317,7.04,359.0
1728453780.84,317,7.04,359.0
1728453781.04,317,7.04,359.0
1728453781.24,317,7.04,359.0
1728453781.45,318,7.01,356.0
1728453781.65,318,7.01,356.0
1728453781.85,318,7.01,356.0
1728453782.05,318,7.01,356.0
1728453782.25,318,7.01,356.0
1728453782.45,319,7.09,358.0
1728453782.65,319,7.09,358.0
1728453782.85,319,7.09,358.0
1728453783.05,319,7.09,358.0
1728453783.25,319,7.09,358.0
1728453783.45,320,7.28,347.0
1728453783.65,320,7.28,347.0
1728453783.85,320,7.28,347.0
1728453784.05,320,7.28,347.0
1728453784.25,320,7.28,347.0
1728453784.45,321,7.38,346.0
1728453784.65,321,7.38,346.0
1728453784.85,321,7.38,346.0
1728453785.05,321,7.38,346.0
1728453785.26,321,7.38,346.0
1728453785.46,322,7.21,345.0
1728453785.66,322,7.21,345.0
1728453785.86,322,7.21,345.0
1728453786.06,322,7.21,345.0
1728453786.26,322,7.21,345.0
1728453786.46,323,7.14,341.0
1728453786.66,323,7.14,341.0
1728453786.86,323,7.14,341.0
1728453787.06,323,7.14,341.0
1728453787.26,323,7.14,341.0
1728453787.46,324,6.91,340.0
1728453787.66,324,6.91,340.0
1728453787.86,324,6.91,340.0
1728453788.06,324,6.91,340.0
1728453788.26,324,6.91,340.0
1728453788.46,325,6.93,339.0
1728453788.67,325,6.93,339.0
1728453788.87,325,6.93,339.0
1728453789.07,325,6.93,339.0
1728453789.27,325,6.93,339.0
1728453789.47,326,7.1,337.0
1728453789.67,326,7.1,337.0
1728453789.87,326,7.1,337.0
1728453790.07,326,7.1,337.0
1728453790.27,326,7.1,337.0
1728453790.47,327,6.76,337.0
1728453790.67,327,6.76,337.0
1728453790.87,327,6.76,337.0
1728453791.07,327,6.76,337.0
1728453791.27,327,6.76,337.0
1728453791.47,328,6.4,337.0
1728453791.67,328,6.4,337.0
1728453791.88,328,6.4,337.0
1728453792.08,328,6.4,337.0
1728453792.28,328,6.4,337.0
1728453792.48,329,6.5,337.0
1728453792.68,329,6.5,337.0
1728453792.88,329,6.5,337.0
1728453793.08,329,6.5,337.0
1728453793.28,329,6.5,337.0
1728453793.48,330,6.18,341.0
1728453793.68,330,6.18,341.0
1728453793.88,330,6.18,341.0
1728453794.08,330,6.18,341.0
1728453794.28,330,6.18,341.0
1728453794.48,331,5.95,340.0
1728453794.68,331,5.95,340.0
1728453794.88,331,5.95,340.0
1728453795.08,331,5.95,340.0
1728453795.28,331,5.95,340.0
1728453795.49,332,6.05,338.0
1728453795.69,332,6.05,338.0
1728453795.89,332,6.05,338.0
1728453796.09,332,6.05,338.0
1728453796.29,332,6.05,338.0
1728453796.49,333,5.93,337.0
1728453796.69,333,5.93,337.0
1728453796.89,333,5.93,337.0
1728453797.09,333,5.93,337.0
1728453797.29,333,5.93,337.0
1728453797.49,334,6.1,346.0
1728453797.69,334,6.1,346.0
1728453797.89,334,6.1,346.0
1728453798.09,334,6.1,346.0
1728453798.29,334,6.1,346.0
1728453798.5,335,5.69,348.0
1728453798.7,335,5.69,348.0
1728453798.9,335,5.69,348.0
1728453799.1,335,5.69,348.0
1728453799.3,335,5.69,348.0
1728453799.5,336,2.35,332.0
1728453799.7,336,2.35,332.0
1728453799.9,336,2.35,332.0
1728453800.1,336,2.35,332.0
1728453800.3,336,2.35,332.0
1728453800.5,337,5.51,140.0
1728453800.7,337,5.51,140.0
1728453800.9,337,5.51,140.0
1728453801.1,337,5.51,140.0
1728453801.3,337,5.51,140.0
1728453801.5,338,8.22,84.0
1728453801.71,338,8.22,84.0
1728453801.91,338,8.22,84.0
1728453802.11,338,8.22,84.0
1728453802.31,338,8.22,84.0
1728453802.51,339,6.39,44.0
1728453802.71,339,6.39,44.0
1728453802.91,339,6.39,44.0
1728453803.11,339,6.39,44.0
1728453803.31,339,6.39,44.0
1728453803.51,340,6.43,16.0
1728453803.71,340,6.43,16.0
1728453803.91,340,6.43,16.0
1728453804.11,340,6.43,16.0
1728453804.31,340,6.43,16.0
1728453804.51,341,6.69,20.0
1728453804.72,341,6.69,20.0
1728453804.92,341,6.69,20.0
1728453805.12,341,6.69,20.0
1728453805.32,341,6.69,20.0
1728453805.52,342,6.65,21.0
1728453805.72,342,6.65,21.0
1728453805.92,342,6.65,21.0
1728453806.12,342,6.65,21.0
1728453806.32,342,6.65,21.0
1728453806.52,343,6.72,17.0
1728453806.72,343,6.72,17.0
1728453806.92,343,6.72,17.0
1728453807.12,343,6.72,17.0
1728453807.32,343,6.72,17.0
1728453807.52,344,6.78,18.0
1728453807.72,344,6.78,18.0
1728453807.92,344,6.78,18.0
1728453808.13,344,6.78,18.0
1728453808.33,344,6.78,18.0
1728453808.53,345,6.77,19.0
1728453808.73,345,6.77,19.0
1728453808.93,345,6.77,19.0
1728453809.13,345,6.77,19.0
1728453809.33,345,6.77,19.0
1728453809.53,346,6.69,21.0
1728453809.73,346,6.69,21.0
1728453809.94,346,6.69,21.0
1728453810.14,346,6.69,21.0
1728453810.34,346,6.69,21.0
1728453810.54,347,6.59,23.0
1728453810.74,347,6.59,23.0
1728453810.94,347,6.59,23.0
1728453811.14,347,6.59,23.0
1728453811.34,347,6.59,23.0
1728453811.54,348,6.9,23.0
1728453811.74,348,6.9,23.0
1728453811.94,348,6.9,23.0
1728453812.14,348,6.9,23.0
1728453812.34,348,6.9,23.0
1728453812.54,349,6.1,17.0
1728453812.74,349,6.1,17.0
1728453812.94,349,6.1,17.0
1728453813.15,349,6.1,17.0
1728453813.35,349,6.1,17.0
1728453813.55,350,6.1,19.0
1728453813.75,350,6.1,19.0
1728453813.95,350,6.1,19.0
1728453814.15,350,6.1,19.0
1728453814.35,350,6.1,19.0
1728453814.55,351,5.73,17.0
1728453814.75,351,5.73,17.0
1728453814.95,351,5.73,17.0
1728453815.15,351,5.73,17.0
1728453815.35,351,5.73,17.0
1728453815.55,352,5.6,16.0
1728453815.75,352,5.6,16.0
1728453815.95,352,5.6,16.0
1728453816.16,352,5.6,16.0
1728453816.36,352,5.6,16.0
1728453816.56,353,6.18,11.0
1728453816.76,353,6.18,11.0
1728453816.96,353,6.18,11.0
1728453817.16,353,6.18,11.0
1728453817.36,353,6.18,11.0
1728453817.56,354,6.12,12.0
1728453817.76,354,6.12,12.0
1728453817.96,354,6.12,12.0
1728453818.16,354,6.12,12.0
1728453818.36,354,6.12,12.0
1728453818.57,355,6.02,11.0
1728453818.77,355,6.02,11.0
1728453818.97,355,6.02,11.0
1728453819.17,355,6.02,11.0
1728453819.37,355,6.02,11.0
1728453819.57,356,5.65,9.0
1728453819.77,356,5.65,9.0
1728453819.97,356,5.65,9.0
1728453820.17,356,5.65,9.0
1728453820.37,356,5.65,9.0
1728453820.57,357,6.27,2.0
1728453820.77,357,6.27,2.0
1728453820.97,357,6.27,2.0
1728453821.18,357,6.27,2.0
1728453821.38,357,6.27,2.0
1728453821.58,358,6.0,357.0
1728453821.78,358,6.0,357.0
1728453821.98,358,6.0,357.0
1728453822.18,358,6.0,357.0
1728453822.38,358,6.0,357.0
1728453822.58,359,6.32,357.0
1728453822.78,359,6.32,357.0
1728453822.98,359,6.32,357.0
1728453823.18,359,6.32,357.0
1728453823.38,359,6.32,357.0
1728453823.58,360,6.83,355.0
1728453823.78,360,6.83,355.0
1728453823.99,360,6.83,355.0
1728453824.19,360,6.83,355.0
1728453824.39,360,6.83,355.0
1728453824.59,361,6.96,356.0
1728453824.79,361,6.96,356.0
1728453824.99,361,6.96,356.0
1728453825.19,361,6.96,356.0
1728453825.39,361,6.96,356.0
1728453825.59,362,7.08,358.0
1728453825.79,362,7.08,358.0
1728453825.99,362,7.08,358.0
1728453826.19,362,7.08,358.0
1728453826.4,362,7.08,358.0
1728453826.6,363,5.98,2.0
1728453826.8,363,5.98,2.0
1728453827.0,363,5.98,2.0
1728453827.2,363,5.98,2.0
1728453827.4,363,5.98,2.0
1728453827.6,364,0.73,11.0
1728453827.8,364,0.73,11.0
1728453828.01,364,0.73,11.0
1728453828.21,364,0.73,11.0
1728453828.41,364,0.73,11.0
1728453828.61,365,0.0,11.0
1728453828.81,365,0.0,11.0
1728453829.01,365,0.0,11.0
1728453829.22,365,0.0,11.0
1728453829.42,365,0.0,11.0
1728453829.62,366,6.83,283.0
1728453829.82,366,6.83,283.0
1728453830.02,366,6.83,283.0
1728453830.22,366,6.83,283.0
1728453830.42,366,6.83,283.0
1728453830.62,367,5.72,315.0
1728453830.82,367,5.72,315.0
1728453831.02,367,5.72,315.0
1728453831.22,367,5.72,315.0
1728453831.42,367,5.72,315.0
1728453831.62,368,5.34,5.0
1728453831.82,368,5.34,5.0
1728453832.02,368,5.34,5.0
1728453832.22,368,5.34,5.0
1728453832.42,368,5.34,5.0
1728453832.63,369,5.79,9.0
1728453832.83,369,5.79,9.0
1728453833.03,369,5.79,9.0
1728453833.23,369,5.79,9.0
1728453833.43,369,5.79,9.0
1728453833.63,370,6.46,4.0
1728453833.83,370,6.46,4.0
1728453834.03,370,6.46,4.0
1728453834.23,370,6.46,4.0
1728453834.43,370,6.46,4.0
1728453834.63,371,6.7,1.0
1728453834.83,371,6.7,1.0
1728453835.03,371,6.7,1.0
1728453835.23,371,6.7,1.0
1728453835.43,371,6.7,1.0
1728453835.63,372,6.86,351.0
1728453835.83,372,6.86,351.0
1728453836.04,372,6.86,351.0
1728453836.24,372,6.86,351.0
1728453836.44,372,6.86,351.0
1728453836.64,373,7.17,349.0
1728453836.84,373,7.17,349.0
1728453837.04,373,7.17,349.0
1728453837.24,373,7.17,349.0
1728453837.44,373,7.17,349.0
1728453837.64,374,7.18,350.0
1728453837.84,374,7.18,350.0
1728453838.04,374,7.18,350.0
1728453838.24,374,7.18,350.0
1728453838.44,374,7.18,350.0
1728453838.64,375,6.98,346.0
1728453838.84,375,6.98,346.0
1728453839.04,375,6.98,346.0
1728453839.24,375,6.98,346.0
1728453839.44,375,6.98,346.0
1728453839.65,376,6.88,347.0
1728453839.85,376,6.88,347.0
1728453840.05,376,6.88,347.0
1728453840.25,376,6.88,347.0
1728453840.45,376,6.88,347.0
1728453840.65,377,6.63,346.0
1728453840.85,377,6.63,346.0
1728453841.05,377,6.63,346.0
1728453841.25,377,6.63,346.0
1728453841.45,377,6.63,346.0
1728453841.65,378,6.76,344.0
1728453841.85,378,6.76,344.0
1728453842.05,378,6.76,344.0
1728453842.25,378,6.76,344.0
1728453842.45,378,6.76,344.0
1728453842.65,379,6.68,345.0
1728453842.85,379,6.68,345.0
1728453843.05,379,6.68,345.0
1728453843.25,379,6.68,345.0
1728453843.45,379,6.68,345.0
1728453843.66,380,7.51,341.0
1728453843.86,380,7.51,341.0
1728453844.06,380,7.51,341.0
1728453844.26,380,7.51,341.0
1728453844.46,380,7.51,341.0
1728453844.66,381,7.36,338.0
1728453844.86,381,7.36,338.0
1728453845.06,381,7.36,338.0
1728453845.26,381,7.36,338.0
1728453845.46,381,7.36,338.0
1728453845.66,382,7.21,339.0
1728453845.86,382,7.21,339.0
1728453846.06,382,7.21,339.0
1728453846.26,382,7.21,339.0
1728453846.46,382,7.21,339.0
1728453846.66,383,6.36,338.0
1728453846.86,383,6.36,338.0
1728453847.07,383,6.36,338.0
1728453847.27,383,6.36,338.0
1728453847.47,383,6.36,338.0
1728453847.67,384,6.49,340.0
1728453847.87,384,6.49,340.0
1728453848.07,384,6.49,340.0
1728453848.27,384,6.49,340.0
1728453848.47,384,6.49,340.0
1728453848.67,385,6.41,335.0
1728453848.87,385,6.41,335.0
1728453849.07,385,6.41,335.0
1728453849.27,385,6.41,335.0
1728453849.47,385,6.41,335.0
1728453849.67,386,6.08,336.0
1728453849.87,386,6.08,336.0
1728453850.07,386,6.08,336.0
1728453850.27,386,6.08,336.0
1728453850.48,386,6.08,336.0
1728453850.68,387,6.48,336.0
1728453850.88,387,6.48,336.0
1728453851.08,387,6.48,336.0
1728453851.28,387,6.48,336.0
1728453851.48,387,6.48,336.0
1728453851.68,388,6.5,335.0
1728453851.88,388,6.5,335.0
1728453852.08,388,6.5,335.0
1728453852.28,388,6.5,335.0
1728453852.48,388,6.5,335.0
1728453852.68,389,6.45,336.0
1728453852.88,389,6.45,336.0
1728453853.08,389,6.45,336.0
1728453853.28,389,6.45,336.0
1728453853.48,389,6.45,336.0
1728453853.68,390,5.99,331.0
1728453853.89,390,5.99,331.0
1728453854.09,390,5.99,331.0
1728453854.29,390,5.99,331.0
1728453854.49,390,5.99,331.0
1728453854.69,391,3.37,313.0
1728453854.89,391,3.37,313.0
1728453855.09,391,3.37,313.0
1728453855.29,391,3.37,313.0
1728453855.49,391,3.37,313.0
1728453855.69,392,7.24,241.0
1728453855.89,392,7.24,241.0
1728453856.09,392,7.24,241.0
1728453856.29,392,7.24,241.0
1728453856.49,392,7.24,241.0
1728453856.69,393,8.04,282.0
1728453856.89,393,8.04,282.0
1728453857.1,393,8.04,282.0
1728453857.3,393,8.04,282.0
1728453857.5,393,8.04,282.0
1728453857.7,394,6.66,316.0
1728453857.9,394,6.66,316.0
1728453858.1,394,6.66,316.0
1728453858.3,394,6.66,316.0
1728453858.5,394,6.66,316.0
1728453858.7,395,6.3,13.0
1728453858.9,395,6.3,13.0
1728453859.1,395,6.3,13.0
1728453859.3,395,6.3,13.0
1728453859.5,395,6.3,13.0
1728453859.7,396,6.47,22.0
1728453859.91,396,6.47,22.0
1728453860.11,396,6.47,22.0
1728453860.31,396,6.47,22.0
1728453860.51,396,6.47,22.0
1728453860.71,397,6.61,19.0
1728453860.91,397,6.61,19.0
1728453861.11,397,6.61,19.0
1728453861.31,397,6.61,19.0
1728453861.51,397,6.61,19.0
1728453861.71,398,6.68,18.0
1728453861.91,398,6.68,18.0
1728453862.11,398,6.68,18.0
1728453862.31,398,6.68,18.0
1728453862.51,398,6.68,18.0
1728453862.71,399,6.06,15.0
1728453862.91,399,6.06,15.0
1728453863.12,399,6.06,15.0
1728453863.32,399,6.06,15.0
1728453863.52,399,6.06,15.0
1728453863.72,400,6.55,16.0
1728453863.92,400,6.55,16.0
1728453864.12,400,6.55,16.0
1728453864.32,400,6.55,16.0
1728453864.52,400,6.55,16.0
1728453864.72,401,6.49,15.0
1728453864.92,401,6.49,15.0
1728453865.12,401,6.49,15.0
1728453865.32,401,6.49,15.0
1728453865.52,401,6.49,15.0
1728453865.72,402,6.47,24.0
1728453865.92,402,6.47,24.0
1728453866.12,402,6.47,24.0
1728453866.32,402,6.47,24.0
1728453866.53,402,6.47,24.0
1728453866.73,403,6.06,19.0
1728453866.93,403,6.06,19.0
1728453867.13,403,6.06,19.0
1728453867.33,403,6.06,19.0
1728453867.53,403,6.06,19.0
1728453867.73,404,6.11,17.0
1728453867.93,404,6.11,17.0
1728453868.13,404,6.11,17.0
1728453868.33,404,6.11,17.0
1728453868.53,404,6.11,17.0
1728453868.73,405,6.27,16.0
1728453868.93,405,6.27,16.0
1728453869.13,405,6.27,16.0
1728453869.33,405,6.27,16.0
1728453869.53,405,6.27,16.0
1728453869.74,406,6.78,16.0
1728453869.94,406,6.78,16.0
1728453870.14,406,6.78,16.0
1728453870.34,406,6.78,16.0
1728453870.54,406,6.78,16.0
1728453870.74,407,6.14,13.0
1728453870.94,407,6.14,13.0
1728453871.14,407,6.14,13.0
1728453871.34,407,6.14,13.0
1728453871.54,407,6.14,13.0
1728453871.74,408,6.09,12.0
1728453871.94,408,6.09,12.0
1728453872.14,408,6.09,12.0
1728453872.34,408,6.09,12.0
1728453872.55,408,6.09,12.0
1728453872.75,409,6.17,17.0
1728453872.95,409,6.17,17.0
1728453873.15,409,6.17,17.0
1728453873.35,409,6.17,17.0
1728453873.55,409,6.17,17.0
1728453873.75,410,6.1,11.0
1728453873.95,410,6.1,11.0
1728453874.15,410,6.1,11.0
1728453874.35,410,6.1,11.0
1728453874.55,410,6.1,11.0
1728453874.75,411,6.52,6.0
1728453874.95,411,6.52,6.0
1728453875.16,411,6.52,6.0
1728453875.36,411,6.52,6.0
1728453875.56,411,6.52,6.0
1728453875.76,412,6.55,2.0
1728453875.96,412,6.55,2.0
1728453876.16,412,6.55,2.0
1728453876.36,412,6.55,2.0
1728453876.56,412,6.55,2.0
1728453876.76,413,6.73,358.0
1728453876.96,413,6.73,358.0
1728453877.16,413,6.73,358.0
1728453877.36,413,6.73,358.0
1728453877.57,413,6.73,358.0
1728453877.77,414,6.96,359.0
1728453877.97,414,6.96,359.0
1728453878.17,414,6.96,359.0
1728453878.37,414,6.96,359.0
1728453878.57,414,6.96,359.0
1728453878.77,415,7.39,358.0
1728453878.97,415,7.39,358.0
1728453879.17,415,7.39,358.0
1728453879.37,415,7.39,358.0
1728453879.57,415,7.39,358.0
1728453879.77,416,7.01,2.0
1728453879.97,416,7.01,2.0
1728453880.17,416,7.01,2.0
1728453880.38,416,7.01,2.0
1728453880.58,416,7.01,2.0
1728453880.78,417,6.77,5.0
1728453880.98,417,6.77,5.0
1728453881.18,417,6.77,5.0
1728453881.38,417,6.77,5.0
1728453881.58,417,6.77,5.0
1728453881.78,418,3.71,4.0
1728453881.98,418,3.71,4.0
1728453882.18,418,3.71,4.0
1728453882.38,418,3.71,4.0
1728453882.58,418,3.71,4.0
1728453882.78,419,0.0,339.0
1728453882.98,419,0.0,339.0
1728453883.18,419,0.0,339.0
1728453883.39,419,0.0,339.0
1728453883.59,419,0.0,339.0
1728453883.79,420,7.65,79.0
1728453883.99,420,7.65,79.0
1728453884.19,420,7.65,79.0
1728453884.39,420,7.65,79.0
1728453884.59,420,7.65,79.0
1728453884.79,421,6.09,43.0
1728453884.99,421,6.09,43.0
1728453885.19,421,6.09,43.0
1728453885.39,421,6.09,43.0
1728453885.59,421,6.09,43.0
1728453885.79,422,5.58,352.0
1728453886.0,422,5.58,352.0
1728453886.2,422,5.58,352.0
1728453886.4,422,5.58,352.0
1728453886.6,422,5.58,352.0
1728453886.8,423,5.69,355.0
1728453887.0,423,5.69,355.0
1728453887.2,423,5.69,355.0
1728453887.4,423,5.69,355.0
1728453887.61,423,5.69,355.0
1728453887.81,424,5.86,2.0
1728453888.01,424,5.86,2.0
1728453888.21,424,5.86,2.0
1728453888.41,424,5.86,2.0
1728453888.61,424,5.86,2.0
1728453888.81,425,6.18,4.0
1728453889.01,425,6.18,4.0
1728453889.21,425,6.18,4.0
1728453889.41,425,6.18,4.0
1728453889.61,425,6.18,4.0
1728453889.81,426,6.2,1.0
1728453890.01,426,6.2,1.0
1728453890.21,426,6.2,1.0
1728453890.41,426,6.2,1.0
1728453890.62,426,6.2,1.0
1728453890.82,427,5.8,356.0
1728453891.02,427,5.8,356.0
1728453891.22,427,5.8,356.0
1728453891.42,427,5.8,356.0
1728453891.62,427,5.8,356.0
1728453891.82,428,6.2,339.0
1728453892.02,428,6.2,339.0
1728453892.22,428,6.2,339.0
1728453892.42,428,6.2,339.0
1728453892.62,428,6.2,339.0
1728453892.82,429,6.88,343.0
1728453893.02,429,6.88,343.0
1728453893.22,429,6.88,343.0
1728453893.42,429,6.88,343.0
1728453893.62,429,6.88,343.0
1728453893.82,430,6.94,346.0
1728453894.02,430,6.94,346.0
1728453894.23,430,6.94,346.0
1728453894.43,430,6.94,346.0
1728453894.63,430,6.94,346.0
1728453894.83,431,6.91,348.0
1728453895.03,431,6.91,348.0
1728453895.23,431,6.91,348.0
1728453895.43,431,6.91,348.0
1728453895.63,431,6.91,348.0
1728453895.83,432,6.88,339.0
1728453896.03,432,6.88,339.0
1728453896.23,432,6.88,339.0
1728453896.43,432,6.88,339.0
1728453896.63,432,6.88,339.0
1728453896.83,433,6.84,343.0
1728453897.03,433,6.84,343.0
1728453897.23,433,6.84,343.0
1728453897.43,433,6.84,343.0
1728453897.63,433,6.84,343.0
1728453897.84,434,7.17,345.0
1728453898.04,434,7.17,345.0
1728453898.24,434,7.17,345.0
1728453898.44,434,7.17,345.0
1728453898.64,434,7.17,345.0
1728453898.84,435,7.1,345.0
1728453899.04,435,7.1,345.0
1728453899.24,435,7.1,345.0
1728453899.44,435,7.1,345.0
1728453899.64,435,7.1,345.0
1728453899.84,436,6.96,345.0
1728453900.04,436,6.96,345.0
1728453900.24,436,6.96,345.0
1728453900.44,436,6.96,345.0
1728453900.64,436,6.96,345.0
1728453900.84,437,6.67,342.0
1728453901.04,437,6.67,342.0
1728453901.24,437,6.67,342.0
1728453901.44,437,6.67,342.0
1728453901.65,437,6.67,342.0
1728453901.85,438,6.86,345.0
1728453902.05,438,6.86,345.0
1728453902.25,438,6.86,345.0
1728453902.45,438,6.86,345.0
1728453902.65,438,6.86,345.0
1728453902.85,439,6.85,341.0
1728453903.05,439,6.85,341.0
1728453903.25,439,6.85,341.0
1728453903.45,439,6.85,341.0
1728453903.65,439,6.85,341.0
1728453903.85,440,6.92,342.0
1728453904.05,440,6.92,342.0
1728453904.25,440,6.92,342.0
1728453904.45,440,6.92,342.0
1728453904.65,440,6.92,342.0
1728453904.85,441,6.53,343.0
1728453905.05,441,6.53,343.0
1728453905.25,441,6.53,343.0
1728453905.46,441,6.53,343.0
1728453905.66,441,6.53,343.0
1728453905.86,442,6.53,341.0
1728453906.06,442,6.53,341.0
1728453906.26,442,6.53,341.0
1728453906.46,442,6.53,341.0
1728453906.66,442,6.53,341.0
1728453906.86,443,6.68,341.0
1728453907.06,443,6.68,341.0
1728453907.26,443,6.68,341.0
1728453907.46,443,6.68,341.0
1728453907.66,443,6.68,341.0
1728453907.86,444,6.44,344.0
1728453908.06,444,6.44,344.0
1728453908.26,444,6.44,344.0
1728453908.46,444,6.44,344.0
1728453908.66,444,6.44,344.0
1728453908.87,445,4.83,341.0
1728453909.07,445,4.83,341.0
1728453909.27,445,4.83,341.0
1728453909.47,445,4.83,341.0
1728453909.67,445,4.83,341.0
1728453909.87,446,2.49,308.0
1728453910.07,446,2.49,308.0
1728453910.27,446,2.49,308.0
1728453910.47,446,2.49,308.0
1728453910.67,446,2.49,308.0
1728453910.87,447,3.65,184.0
1728453911.07,447,3.65,184.0
1728453911.27,447,3.65,184.0
1728453911.47,447,3.65,184.0
1728453911.67,447,3.65,184.0
1728453911.87,448,8.0,113.0
1728453912.07,448,8.0,113.0
1728453912.28,448,8.0,113.0
1728453912.48,448,8.0,113.0
1728453912.68,448,8.0,113.0
1728453912.88,449,7.61,59.0
1728453913.08,449,7.61,59.0
1728453913.28,449,7.61,59.0
1728453913.48,449,7.61,59.0
1728453913.68,449,7.61,59.0
1728453913.88,450,5.92,32.0
1728453914.08,450,5.92,32.0
1728453914.28,450,5.92,32.0
1728453914.48,450,5.92,32.0
1728453914.68,450,5.92,32.0
1728453914.88,451,6.35,12.0
1728453915.08,451,6.35,12.0
1728453915.28,451,6.35,12.0
1728453915.48,451,6.35,12.0
1728453915.68,451,6.35,12.0
1728453915.89,452,5.85,16.0
1728453916.09,452,5.85,16.0
1728453916.29,452,5.85,16.0
1728453916.49,452,5.85,16.0
1728453916.69,452,5.85,16.0
1728453916.89,453,5.9,14.0
1728453917.09,453,5.9,14.0
1728453917.29,453,5.9,14.0
1728453917.49,453,5.9,14.0
1728453917.69,453,5.9,14.0
1728453917.89,454,6.01,11.0
1728453918.09,454,6.01,11.0
1728453918.29,454,6.01,11.0
1728453918.49,454,6.01,11.0
1728453918.69,454,6.01,11.0
1728453918.89,455,6.04,13.0
1728453919.1,455,6.04,13.0
1728453919.3,455,6.04,13.0
1728453919.5,455,6.04,13.0
1728453919.7,455,6.04,13.0
1728453919.9,456,6.48,9.0
1728453920.1,456,6.48,9.0
1728453920.3,456,6.48,9.0
1728453920.5,456,6.48,9.0
1728453920.7,456,6.48,9.0
1728453920.9,457,6.55,8.0
1728453921.1,457,6.55,8.0
1728453921.3,457,6.55,8.0
1728453921.5,457,6.55,8.0
1728453921.7,457,6.55,8.0
1728453921.91,458,6.92,10.0
1728453922.11,458,6.92,10.0
1728453922.31,458,6.92,10.0
1728453922.51,458,6.92,10.0
1728453922.71,458,6.92,10.0
1728453922.91,459,7.1,13.0
1728453923.11,459,7.1,13.0
1728453923.31,459,7.1,13.0
1728453923.51,459,7.1,13.0
1728453923.71,459,7.1,13.0
1728453923.91,460,6.71,11.0
1728453924.11,460,6.71,11.0
1728453924.31,460,6.71,11.0
1728453924.51,460,6.71,11.0
1728453924.71,460,6.71,11.0
1728453924.91,461,6.79,16.0
1728453925.11,461,6.79,16.0
1728453925.32,461,6.79,16.0
1728453925.52,461,6.79,16.0
1728453925.72,461,6.79,16.0
1728453925.92,462,6.37,11.0
1728453926.12,462,6.37,11.0
1728453926.32,462,6.37,11.0
1728453926.52,462,6.37,11.0
1728453926.72,462,6.37,11.0
1728453926.92,463,6.43,14.0
1728453927.12,463,6.43,14.0
1728453927.32,463,6.43,14.0
1728453927.52,463,6.43,14.0
1728453927.72,463,6.43,14.0
1728453927.92,464,6.69,12.0
1728453928.12,464,6.69,12.0
1728453928.33,464,6.69,12.0
1728453928.53,464,6.69,12.0
1728453928.73,464,6.69,12.0
1728453928.93,465,6.71,9.0
1728453929.13,465,6.71,9.0
1728453929.33,465,6.71,9.0
1728453929.53,465,6.71,9.0
1728453929.73,465,6.71,9.0
1728453929.93,466,7.2,6.0
1728453930.13,466,7.2,6.0
1728453930.33,466,7.2,6.0
1728453930.53,466,7.2,6.0
1728453930.73,466,7.2,6.0
1728453930.94,467,7.16,5.0
1728453931.14,467,7.16,5.0
1728453931.34,467,7.16,5.0
1728453931.54,467,7.16,5.0
1728453931.74,467,7.16,5.0
1728453931.94,468,6.84,8.0
1728453932.14,468,6.84,8.0
1728453932.34,468,6.84,8.0
1728453932.54,468,6.84,8.0
1728453932.74,468,6.84,8.0
1728453933.94,471,6.85,8.0
1728453934.15,471,6.85,8.0
1728453934.35,471,6.85,8.0
1728453934.55,471,6.85,8.0
1728453934.75,471,6.85,8.0
1728453935.95,474,3.71,17.0
1728453936.15,474,3.71,17.0
1728453936.35,474,3.71,17.0
1728453936.55,474,3.71,17.0
1728453936.75,474,3.71,17.0
1728453937.96,477,7.81,86.0
1728453938.16,477,7.81,86.0
1728453938.36,477,7.81,86.0
1728453938.56,477,7.81,86.0
1728453938.76,477,7.81,86.0
1728453939.97,480,5.87,338.0
1728453940.17,480,5.87,338.0
1728453940.37,480,5.87,338.0
1728453940.57,480,5.87,338.0
1728453940.77,480,5.87,338.0
1728453941.97,483,6.21,350.0
1728453942.17,483,6.21,350.0
1728453942.37,483,6.21,350.0
1728453942.58,483,6.21,350.0
1728453942.78,483,6.21,350.0
1728453943.98,486,6.03,346.0
1728453944.18,486,6.03,346.0
1728453944.38,486,6.03,346.0
1728453944.58,486,6.03,346.0
1728453944.78,486,6.03,346.0
1728453945.99,488,6.43,343.0
1728453946.2,488,6.43,343.0
1728453946.4,488,6.43,343.0
1728453946.6,488,6.43,343.0
1728453946.8,488,6.43,343.0
1728453947.0,489,6.55,340.0
1728453947.2,489,6.55,340.0
1728453947.4,489,6.55,340.0
1728453947.6,489,6.55,340.0
1728453947.8,489,6.55,340.0
1728453948.01,490,6.47,338.0
1728453948.21,490,6.47,338.0
1728453948.41,490,6.47,338.0
1728453948.61,490,6.47,338.0
1728453948.81,490,6.47,338.0
1728453949.01,491,6.64,340.0
1728453949.21,491,6.64,340.0
1728453949.41,491,6.64,340.0
1728453949.61,491,6.64,340.0
1728453949.81,491,6.64,340.0
1728453950.01,492,5.7,344.0
1728453950.21,492,5.7,344.0
1728453950.41,492,5.7,344.0
1728453950.61,492,5.7,344.0
1728453950.81,492,5.7,344.0
1728453951.01,493,6.01,340.0
1728453951.21,493,6.01,340.0
1728453951.41,493,6.01,340.0
1728453951.62,493,6.01,340.0
1728453951.82,493,6.01,340.0
1728453952.02,494,6.16,340.0
1728453952.22,494,6.16,340.0
1728453952.42,494,6.16,340.0
1728453952.62,494,6.16,340.0
1728453952.82,494,6.16,340.0
1728453953.02,495,6.67,346.0
1728453953.22,495,6.67,346.0
1728453953.42,495,6.67,346.0
1728453953.62,495,6.67,346.0
1728453953.82,495,6.67,346.0
1728453954.02,496,6.5,345.0
1728453954.22,496,6.5,345.0
1728453954.42,496,6.5,345.0
1728453954.62,496,6.5,345.0
1728453954.82,496,6.5,345.0
1728453955.03,497,6.67,336.0
1728453955.23,497,6.67,336.0
1728453955.43,497,6.67,336.0
1728453955.63,497,6.67,336.0
1728453955.83,497,6.67,336.0
1728453956.03,498,7.07,343.0
1728453956.23,498,7.07,343.0
1728453956.43,498,7.07,343.0
1728453956.63,498,7.07,343.0
1728453956.83,498,7.07,343.0
1728453957.03,499,6.92,343.0
1728453957.23,499,6.92,343.0
1728453957.43,499,6.92,343.0
1728453957.63,499,6.92,343.0
1728453957.83,499,6.92,343.0
1728453958.03,500,7.21,343.0
1728453958.24,500,7.21,343.0
1728453958.44,500,7.21,343.0
1728453958.64,500,7.21,343.0
1728453958.84,500,7.21,343.0
1728453959.04,501,7.26,342.0
1728453959.24,501,7.26,342.0
1728453959.44,501,7.26,342.0
1728453959.64,501,7.26,342.0
1728453959.84,501,7.26,342.0
1728453960.04,502,7.04,345.0
1728453960.24,502,7.04,345.0
1728453960.44,502,7.04,345.0
1728453960.64,502,7.04,345.0
1728453960.84,502,7.04,345.0
1728453961.04,503,7.19,342.0
1728453961.24,503,7.19,342.0
1728453961.44,503,7.19,342.0
1728453961.64,503,7.19,342.0
1728453961.84,503,7.19,342.0
1728453962.05,504,7.1,342.0
1728453962.25,504,7.1,342.0
1728453962.45,504,7.1,342.0
1728453962.65,504,7.1,342.0
1728453962.85,504,7.1,342.0
1728453963.05,505,6.67,341.0
1728453963.25,505,6.67,341.0
1728453963.45,505,6.67,341.0
1728453963.65,505,6.67,341.0
1728453963.85,505,6.67,341.0
1728453964.05,506,2.5,316.0
1728453964.25,506,2.5,316.0
1728453964.45,506,2.5,316.0
1728453964.65,506,2.5,316.0
1728453964.85,506,2.5,316.0
1728453965.05,507,7.13,237.0
1728453965.25,507,7.13,237.0
1728453965.45,507,7.13,237.0
1728453965.65,507,7.13,237.0
1728453965.86,507,7.13,237.0
1728453966.06,508,6.92,289.0
1728453966.26,508,6.92,289.0
1728453966.46,508,6.92,289.0
1728453966.66,508,6.92,289.0
1728453966.86,508,6.92,289.0
1728453967.06,509,5.81,317.0
1728453967.26,509,5.81,317.0
1728453967.46,509,5.81,317.0
1728453967.66,509,5.81,317.0
1728453967.86,509,5.81,317.0
1728453968.06,510,5.69,6.0
1728453968.26,510,5.69,6.0
1728453968.46,510,5.69,6.0
1728453968.66,510,5.69,6.0
1728453968.86,510,5.69,6.0
1728453969.07,511,6.44,14.0
1728453969.27,511,6.44,14.0
1728453969.47,511,6.44,14.0
1728453969.67,511,6.44,14.0
1728453969.87,511,6.44,14.0
1728453970.07,512,6.14,13.0
1728453970.27,512,6.14,13.0
1728453970.47,512,6.14,13.0
1728453970.67,512,6.14,13.0
1728453970.87,512,6.14,13.0
1728453971.07,513,6.58,7.0
1728453971.27,513,6.58,7.0
1728453971.47,513,6.58,7.0
1728453971.67,513,6.58,7.0
1728453971.87,513,6.58,7.0
1728453972.07,514,6.75,8.0
1728453972.27,514,6.75,8.0
1728453972.47,514,6.75,8.0
1728453972.68,514,6.75,8.0
1728453972.88,514,6.75,8.0
1728453973.08,515,6.62,10.0
1728453973.28,515,6.62,10.0
1728453973.48,515,6.62,10.0
1728453973.68,515,6.62,10.0
1728453973.88,515,6.62,10.0
1728453974.08,516,6.63,14.0
1728453974.28,516,6.63,14.0
1728453974.48,516,6.63,14.0
1728453974.68,516,6.63,14.0
1728453974.88,516,6.63,14.0
1728453975.08,517,6.53,14.0
1728453975.28,517,6.53,14.0
1728453975.48,517,6.53,14.0
1728453975.68,517,6.53,14.0
1728453975.88,517,6.53,14.0
1728453976.08,518,6.48,11.0
1728453976.29,518,6.48,11.0
1728453976.49,518,6.48,11.0
1728453976.69,518,6.48,11.0
1728453976.89,518,6.48,11.0
1728453977.09,519,6.62,8.0
1728453977.29,519,6.62,8.0
1728453977.49,519,6.62,8.0
1728453977.69,519,6.62,8.0
1728453977.89,519,6.62,8.0
1728453978.09,520,7.29,12.0
1728453978.29,520,7.29,12.0
1728453978.49,520,7.29,12.0
1728453978.69,520,7.29,12.0
1728453978.89,520,7.29,12.0
1728453979.09,521,6.88,11.0
1728453979.29,521,6.88,11.0
1728453979.5,521,6.88,11.0
1728453979.7,521,6.88,11.0
1728453979.9,521,6.88,11.0
1728453980.1,522,6.99,11.0
1728453980.3,522,6.99,11.0
1728453980.5,522,6.99,11.0
1728453980.7,522,6.99,11.0
1728453980.9,522,6.99,11.0
1728453981.1,523,6.84,10.0
1728453981.3,523,6.84,10.0
1728453981.5,523,6.84,10.0
1728453981.7,523,6.84,10.0
1728453981.9,523,6.84,10.0
1728453982.1,524,6.97,10.0
1728453982.3,524,6.97,10.0
1728453982.51,524,6.97,10.0
1728453982.71,524,6.97,10.0
1728453982.91,524,6.97,10.0
1728453983.11,525,6.62,9.0
1728453983.31,525,6.62,9.0
1728453983.51,525,6.62,9.0
1728453983.71,525,6.62,9.0
1728453983.91,525,6.62,9.0
1728453984.11,526,6.7,12.0
1728453984.31,526,6.7,12.0
1728453984.51,526,6.7,12.0
1728453984.71,526,6.7,12.0
1728453984.91,526,6.7,12.0
1728453985.11,527,6.84,7.0
1728453985.31,527,6.84,7.0
1728453985.51,527,6.84,7.0
1728453985.71,527,6.84,7.0
1728453985.92,527,6.84,7.0
1728453986.12,528,6.9,10.0
1728453986.32,528,6.9,10.0
1728453986.52,528,6.9,10.0
1728453986.72,528,6.9,10.0
1728453986.92,528,6.9,10.0
1728453987.12,529,6.62,12.0
1728453987.32,529,6.62,12.0
1728453987.52,529,6.62,12.0
1728453987.72,529,6.62,12.0
1728453987.93,529,6.62,12.0
1728453988.13,530,6.35,13.0
1728453988.33,530,6.35,13.0
1728453988.53,530,6.35,13.0
1728453988.73,530,6.35,13.0
1728453988.93,530,6.35,13.0
1728453989.13,531,6.56,10.0
1728453989.33,531,6.56,10.0
1728453989.53,531,6.56,10.0
1728453989.73,531,6.56,10.0
1728453989.93,531,6.56,10.0
1728453990.14,532,6.73,12.0
1728453990.34,532,6.73,12.0
1728453990.54,532,6.73,12.0
1728453990.74,532,6.73,12.0
1728453990.94,532,6.73,12.0
1728453991.14,533,3.54,9.0
1728453991.34,533,3.54,9.0
1728453991.54,533,3.54,9.0
1728453991.74,533,3.54,9.0
1728453991.94,533,3.54,9.0
1728453992.14,534,0.0,50.0
1728453992.34,534,0.0,50.0
1728453992.54,534,0.0,50.0
1728453992.74,534,0.0,50.0
1728453992.94,534,0.0,50.0
1728453993.14,535,7.44,241.0
1728453993.34,535,7.44,241.0
1728453993.55,535,7.44,241.0
1728453993.75,535,7.44,241.0
1728453993.95,535,7.44,241.0
1728453994.15,536,6.65,292.0
1728453994.35,536,6.65,292.0
1728453994.55,536,6.65,292.0
1728453994.75,536,6.65,292.0
1728453994.95,536,6.65,292.0
1728453995.15,537,5.56,324.0
1728453995.35,537,5.56,324.0
1728453995.56,537,5.56,324.0
1728453995.76,537,5.56,324.0
1728453995.96,537,5.56,324.0
1728453996.16,538,5.75,346.0
1728453996.36,538,5.75,346.0
1728453996.56,538,5.75,346.0
1728453996.76,538,5.75,346.0
1728453996.96,538,5.75,346.0
1728453997.16,539,5.73,350.0
1728453997.36,539,5.73,350.0
1728453997.56,539,5.73,350.0
1728453997.76,539,5.73,350.0
1728453997.97,539,5.73,350.0
1728453998.17,540,5.94,346.0
1728453998.37,540,5.94,346.0
1728453998.57,540,5.94,346.0
1728453998.77,540,5.94,346.0
1728453998.97,540,5.94,346.0
1728453999.17,541,6.15,344.0
1728453999.37,541,6.15,344.0
1728453999.57,541,6.15,344.0
1728453999.77,541,6.15,344.0
1728453999.97,541,6.15,344.0
1728454000.17,542,6.25,343.0
1728454000.37,542,6.25,343.0
1728454000.57,542,6.25,343.0
1728454000.77,542,6.25,343.0
1728454000.98,542,6.25,343.0
1728454001.18,543,6.21,338.0
1728454001.38,543,6.21,338.0
1728454001.58,543,6.21,338.0
1728454001.78,543,6.21,338.0
1728454001.98,543,6.21,338.0
1728454002.18,544,6.19,342.0
1728454002.38,544,6.19,342.0
1728454002.58,544,6.19,342.0
1728454002.78,544,6.19,342.0
1728454002.98,544,6.19,342.0
1728454003.18,545,6.35,343.0
1728454003.39,545,6.35,343.0
1728454003.59,545,6.35,343.0
1728454003.79,545,6.35,343.0
1728454003.99,545,6.35,343.0
1728454004.19,546,6.18,341.0
1728454004.39,546,6.18,341.0
1728454004.59,546,6.18,341.0
1728454004.79,546,6.18,341.0
1728454004.99,546,6.18,341.0
1728454005.19,547,6.43,343.0
1728454005.39,547,6.43,343.0
1728454005.59,547,6.43,343.0
1728454005.79,547,6.43,343.0
1728454006.0,547,6.43,343.0
1728454006.2,548,6.29,347.0
1728454006.4,548,6.29,347.0
1728454006.6,548,6.29,347.0
1728454006.8,548,6.29,347.0
1728454007.0,548,6.29,347.0
1728454007.21,549,6.38,342.0
1728454007.41,549,6.38,342.0
1728454007.61,549,6.38,342.0
1728454007.81,549,6.38,342.0
1728454008.01,549,6.38,342.0
1728454008.21,550,6.39,342.0
1728454008.41,550,6.39,342.0
1728454008.61,550,6.39,342.0
1728454008.81,550,6.39,342.0
1728454009.01,550,6.39,342.0
1728454009.21,551,6.12,345.0
1728454009.41,551,6.12,345.0
1728454009.61,551,6.12,345.0
1728454009.81,551,6.12,345.0
1728454010.01,551,6.12,345.0
1728454010.21,552,3.92,335.0
1728454010.41,552,3.92,335.0
1728454010.62,552,3.92,335.0
1728454010.82,552,3.92,335.0
1728454011.02,552,3.92,335.0
1728454011.22,553,4.15,213.0
1728454011.42,553,4.15,213.0
1728454011.62,553,4.15,213.0
1728454011.82,553,4.15,213.0
1728454012.02,553,4.15,213.0
1728454012.22,554,2.55,204.0
1728454012.42,554,2.55,204.0
1728454012.62,554,2.55,204.0
1728454012.82,554,2.55,204.0
1728454013.02,554,2.55,204.0
1728454013.22,555,0.89,289.0
1728454013.42,555,0.89,289.0
1728454013.62,555,0.89,289.0
1728454013.82,555,0.89,289.0
1728454014.02,555,0.89,289.0
1728454014.22,556,1.56,292.0
1728454014.43,556,1.56,292.0
1728454014.63,556,1.56,292.0
1728454014.83,556,1.56,292.0
1728454015.03,556,1.56,292.0
1728454015.23,557,2.39,244.0
1728454015.43,557,2.39,244.0
1728454015.63,557,2.39,244.0
1728454015.83,557,2.39,244.0
1728454016.03,557,2.39,244.0
1728454016.23,558,2.52,237.0
1728454016.43,558,2.52,237.0
1728454016.63,558,2.52,237.0
1728454016.83,558,2.52,237.0
1728454017.03,558,2.52,237.0
1728454017.23,559,2.48,242.0
1728454017.43,559,2.48,242.0
1728454017.63,559,2.48,242.0
1728454017.84,559,2.48,242.0
1728454018.04,559,2.48,242.0
1728454018.24,560,2.65,242.0
1728454018.44,560,2.65,242.0
1728454018.64,560,2.65,242.0
1728454018.84,560,2.65,242.0
1728454019.04,560,2.65,242.0
1728454019.24,561,2.12,242.0
1728454019.44,561,2.12,242.0
1728454019.64,561,2.12,242.0
1728454019.84,561,2.12,242.0
1728454020.04,561,2.12,242.0
1728454020.24,562,1.95,239.0
1728454020.44,562,1.95,239.0
1728454020.64,562,1.95,239.0
1728454020.84,562,1.95,239.0
1728454021.04,562,1.95,239.0
1728454021.24,563,1.93,238.0
1728454021.44,563,1.93,238.0
1728454021.65,563,1.93,238.0
1728454021.85,563,1.93,238.0
1728454022.05,563,1.93,238.0
1728454022.25,564,2.04,240.0
1728454022.45,564,2.04,240.0
1728454022.65,564,2.04,240.0
1728454022.85,564,2.04,240.0
1728454023.05,564,2.04,240.0
1728454023.25,565,2.25,241.0
1728454023.45,565,2.25,241.0
1728454023.65,565,2.25,241.0
1728454023.85,565,2.25,241.0
1728454024.05,565,2.25,241.0
1728454024.25,566,1.92,244.0
1728454024.45,566,1.92,244.0
1728454024.65,566,1.92,244.0
1728454024.85,566,1.92,244.0
1728454025.05,566,1.92,244.0
1728454025.26,567,1.8,246.0
1728454025.46,567,1.8,246.0
1728454025.66,567,1.8,246.0
1728454025.86,567,1.8,246.0
1728454026.06,567,1.8,246.0
1728454026.26,568,1.59,262.0
1728454026.46,568,1.59,262.0
1728454026.66,568,1.59,262.0
1728454026.86,568,1.59,262.0
1728454027.06,568,1.59,262.0
1728454027.26,569,1.53,272.0
1728454027.46,569,1.53,272.0
1728454027.66,569,1.53,272.0
1728454027.86,569,1.53,272.0
1728454028.06,569,1.53,272.0
1728454028.26,570,1.51,272.0
1728454028.46,570,1.51,272.0
1728454028.67,570,1.51,272.0
1728454028.87,570,1.51,272.0
1728454029.07,570,1.51,272.0
1728454029.27,571,1.46,259.0
1728454029.47,571,1.46,259.0
1728454029.67,571,1.46,259.0
1728454029.87,571,1.46,259.0
1728454030.07,571,1.46,259.0
1728454030.27,572,1.42,252.0
1728454030.47,572,1.42,252.0
1728454030.67,572,1.42,252.0
1728454030.87,572,1.42,252.0
1728454031.07,572,1.42,252.0
1728454031.27,573,1.27,273.0
1728454031.47,573,1.27,273.0
1728454031.67,573,1.27,273.0
1728454031.87,573,1.27,273.0
1728454032.07,573,1.27,273.0
1728454032.28,574,0.85,305.0
1728454032.48,574,0.85,305.0
1728454032.68,574,0.85,305.0
1728454032.88,574,0.85,305.0
1728454033.08,574,0.85,305.0
1728454033.28,575,0.0,307.0
1728454033.48,575,0.0,307.0
1728454033.68,575,0.0,307.0
1728454033.88,575,0.0,307.0
1728454034.08,575,0.0,307.0
1728454034.28,576,0.0,307.0
1728454034.48,576,0.0,307.0
1728454034.68,576,0.0,307.0
1728454034.88,576,0.0,307.0
1728454035.08,576,0.0,307.0
1728454035.28,577,0.0,307.0
1728454035.48,577,0.0,307.0
1728454035.69,577,0.0,307.0
1728454035.89,577,0.0,307.0
1728454036.09,577,0.0,307.0
1728454036.29,578,1.18,104.0
1728454036.49,578,1.18,104.0
1728454036.69,578,1.18,104.0
1728454036.89,578,1.18,104.0
1728454037.09,578,1.18,104.0
1728454037.29,579,0.0,123.0
1728454037.49,579,0.0,123.0
1728454037.69,579,0.0,123.0
1728454037.89,579,0.0,123.0
1728454038.09,579,0.0,123.0
1728454038.29,580,0.0,123.0
1728454038.5,580,0.0,123.0
1728454038.7,580,0.0,123.0
1728454038.9,580,0.0,123.0
1728454039.1,580,0.0,123.0
1728454039.3,581,0.0,122.0
1728454039.5,581,0.0,122.0
1728454039.7,581,0.0,122.0
1728454039.9,581,0.0,122.0
1728454040.1,581,0.0,122.0
1728454040.3,582,0.0,122.0
1728454040.5,582,0.0,122.0
1728454040.7,582,0.0,122.0
1728454040.9,582,0.0,122.0
1728454041.1,582,0.0,122.0
1728454041.3,583,0.0,122.0
1728454041.51,583,0.0,122.0
1728454041.71,583,0.0,122.0
1728454041.91,583,0.0,122.0
1728454042.11,583,0.0,122.0
1728454042.31,584,0.0,122.0
1728454042.51,584,0.0,122.0
1728454042.71,584,0.0,122.0
1728454042.91,584,0.0,122.0
1728454043.11,584,0.0,122.0
1728454043.31,585,0.0,122.0
1728454043.51,585,0.0,122.0
1728454043.71,585,0.0,122.0
1728454043.91,585,0.0,122.0
1728454044.11,585,0.0,122.0
1728454044.31,586,0.0,122.0
1728454044.52,586,0.0,122.0
1728454044.72,586,0.0,122.0
1728454044.92,586,0.0,122.0
1728454045.12,586,0.0,122.0
1728454045.32,587,0.0,122.0
1728454045.52,587,0.0,122.0
1728454045.72,587,0.0,122.0
1728454045.92,587,0.0,122.0
1728454046.12,587,0.0,122.0
1728454046.32,588,0.0,122.0
1728454046.53,588,0.0,122.0
1728454046.73,588,0.0,122.0
1728454046.93,588,0.0,122.0
1728454047.13,588,0.0,122.0
1728454047.33,589,0.0,122.0
1728454047.53,589,0.0,122.0
1728454047.73,589,0.0,122.0
1728454047.93,589,0.0,122.0
1728454048.13,589,0.0,122.0
1728454048.33,590,0.0,122.0
1728454048.53,590,0.0,122.0
1728454048.73,590,0.0,122.0
1728454048.93,590,0.0,122.0
1728454049.13,590,0.0,122.0
1728454049.34,591,0.0,122.0
1728454049.54,591,0.0,122.0
1728454049.74,591,0.0,122.0
1728454049.94,591,0.0,122.0
1728454050.14,591,0.0,122.0
1728454050.34,592,2.52,247.0
1728454050.54,592,2.52,247.0
1728454050.74,592,2.52,247.0
1728454050.94,592,2.52,247.0
1728454051.14,592,2.52,247.0
1728454051.34,593,1.9,277.0
1728454051.54,593,1.9,277.0
                                                                                                                                                                                                                                                                                                                                                                                                                                                                                                                                                                                                                                                                                                                                           